,pop,env,trt,type
WGH-1ZZZZZZZ,GH,field,field,HP
WGH-2ZZZZZZZ,GH,field,field,HP
WGH-3ZZZZZZZ,GH,field,field,HP
WGH-4ZZZZZZZ,GH,field,field,HP
WGH-5ZZZZZZZ,GH,field,field,HP
WGH-6ZZZZZZZ,GH,field,field,HP
WGH-7ZZZZZZZ,GH,field,field,HP
WGH-8ZZZZZZZ,GH,field,field,HP
WGH-9ZZZZZZZ,GH,field,field,HP
WGH-10ZZZZZZZ,GH,field,field,HP
WGH-11ZZZZZZZ,GH,field,field,HP
WGH-12ZZZZZZZ,GH,field,field,HP
WGH-13ZZZZZZZ,GH,field,field,HP
WGH-14ZZZZZZZ,GH,field,field,HP
WGH-15ZZZZZZZ,GH,field,field,HP
WGH-16ZZZZZZZ,GH,field,field,HP
WGH-17ZZZZZZZ,GH,field,field,HP
WGH-18ZZZZZZZ,GH,field,field,HP
WGH-19ZZZZZZZ,GH,field,field,HP
WGH-20ZZZZZZZ,GH,field,field,HP
WGH-21ZZZZZZZ,GH,field,field,HP
WGH-22ZZZZZZZ,GH,field,field,HP
WGH-23ZZZZZZZ,GH,field,field,HP
WGH-24ZZZZZZZ,GH,field,field,HP
WGH-25ZZZZZZZ,GH,field,field,HP
WGH-26ZZZZZZZ,GH,field,field,HP
WGH-27ZZZZZZZ,GH,field,field,HP
WGH-28ZZZZZZZ,GH,field,field,HP
WGH-29ZZZZZZZ,GH,field,field,HP
WGH-30ZZZZZZZ,GH,field,field,HP
WGH-31ZZZZZZZ,GH,field,field,HP
WGH-32ZZZZZZZ,GH,field,field,HP
WGH-33ZZZZZZZ,GH,field,field,HP
WGH-34ZZZZZZZ,GH,field,field,HP
WGH-35ZZZZZZZ,GH,field,field,HP
WGH-36ZZZZZZZ,GH,field,field,HP
WGH-37ZZZZZZZ,GH,field,field,HP
WGH-38ZZZZZZZ,GH,field,field,HP
WGH-39ZZZZZZZ,GH,field,field,HP
WGH-40ZZZZZZZ,GH,field,field,HP
WGH-41ZZZZZZZ,GH,field,field,HP
WGH-42ZZZZZZZ,GH,field,field,HP
WGH-43ZZZZZZZ,GH,field,field,HP
WGH-44ZZZZZZZ,GH,field,field,HP
WGH-45ZZZZZZZ,GH,field,field,HP
WGH-46ZZZZZZZ,GH,field,field,HP
WGH-47ZZZZZZZ,GH,field,field,HP
WGH-48ZZZZZZZ,GH,field,field,HP
WGH-49ZZZZZZZ,GH,field,field,HP
WGH-50ZZZZZZZ,GH,field,field,HP
WGH-51ZZZZZZZ,GH,field,field,HP
WGH-52ZZZZZZZ,GH,field,field,HP
WGH-53ZZZZZZZ,GH,field,field,HP
WGH-54ZZZZZZZ,GH,field,field,HP
WGH-55ZZZZZZZ,GH,field,field,HP
WGH-56ZZZZZZZ,GH,field,field,HP
WGH-57ZZZZZZZ,GH,field,field,HP
WGH-58ZZZZZZZ,GH,field,field,HP
WGH-59ZZZZZZZ,GH,field,field,HP
WGH-60ZZZZZZZ,GH,field,field,HP
WGH-61ZZZZZZZ,GH,field,field,HP
WGH-62ZZZZZZZ,GH,field,field,HP
WGH-63ZZZZZZZ,GH,field,field,HP
WGH-64ZZZZZZZ,GH,field,field,HP
WGH-65ZZZZZZZ,GH,field,field,HP
WGH-66ZZZZZZZ,GH,field,field,HP
WGH-67ZZZZZZZ,GH,field,field,HP
WLL-1B2Y3Y,LL,field,field,IN
WLL-1B5B,LL,field,field,IN
WLL-1B5G,LL,field,field,IN
WLL-1B5P,LL,field,field,IN
WLL-1B5V,LL,field,field,IN
WLL-1B5Y,LL,field,field,IN
WLL-1B6B,LL,field,field,IN
WLL-1B6G,LL,field,field,IN
WLL-1B6K,LL,field,field,IN
WLL-1B6O,LL,field,field,IN
WLL-1B6P,LL,field,field,IN
WLL-1B6R,LL,field,field,IN
WLL-1B6V,LL,field,field,IN
WLL-1B7B,LL,field,field,IN
WLL-1B7G,LL,field,field,IN
WLL-1B7K,LL,field,field,IN
WLL-1B7O,LL,field,field,IN
WLL-1B7P,LL,field,field,IN
WLL-1B7V,LL,field,field,IN
WLL-1B7Y,LL,field,field,IN
WLL-1B8B,LL,field,field,IN
WLL-1B8G,LL,field,field,IN
WLL-1B8K,LL,field,field,IN
WLL-1B8P,LL,field,field,IN
WLL-1B8R,LL,field,field,IN
WLL-1B8V,LL,field,field,IN
WLL-1B8Y,LL,field,field,IN
WLL-1G2G,LL,field,field,IN
WLL-1G2O,LL,field,field,IN
WLL-1G2P,LL,field,field,IN
WLL-1G2R,LL,field,field,IN
WLL-1G2V,LL,field,field,IN
WLL-1G2Y,LL,field,field,IN
WLL-1G5B,LL,field,field,IN
WLL-1G5K,LL,field,field,IN
WLL-1G5O,LL,field,field,IN
WLL-1G5P,LL,field,field,IN
WLL-1G5R,LL,field,field,IN
WLL-1G5Y,LL,field,field,IN
WLL-1G6B,LL,field,field,IN
WLL-1G6K,LL,field,field,IN
WLL-1G6O,LL,field,field,IN
WLL-1G6P,LL,field,field,IN
WLL-1G6R,LL,field,field,IN
WLL-1G6V,LL,field,field,IN
WLL-1G6Y,LL,field,field,IN
WLL-1G7B,LL,field,field,IN
WLL-1G7G,LL,field,field,IN
WLL-1G7K,LL,field,field,IN
WLL-1G7O,LL,field,field,IN
WLL-1G7P,LL,field,field,IN
WLL-1G7R,LL,field,field,IN
WLL-1G7V,LL,field,field,IN
WLL-1G7Y,LL,field,field,IN
WLL-1G8B,LL,field,field,IN
WLL-1G8G,LL,field,field,IN
WLL-1G8K,LL,field,field,IN
WLL-1G8O,LL,field,field,IN
WLL-1G8Y,LL,field,field,IN
WLL-1K5G,LL,field,field,IN
WLL-1K5O,LL,field,field,IN
WLL-1K5P,LL,field,field,IN
WLL-1K5V,LL,field,field,IN
WLL-1K5Y,LL,field,field,IN
WLL-1K6B,LL,field,field,IN
WLL-1K6K,LL,field,field,IN
WLL-1K6O,LL,field,field,IN
WLL-1K6P,LL,field,field,IN
WLL-1K6R,LL,field,field,IN
WLL-1K6V,LL,field,field,IN
WLL-1K7K,LL,field,field,IN
WLL-1K7R,LL,field,field,IN
WLL-1K7V,LL,field,field,IN
WLL-1K8K,LL,field,field,IN
WLL-1K8O,LL,field,field,IN
WLL-1K8P,LL,field,field,IN
WLL-1K8R,LL,field,field,IN
WLL-1K8V,LL,field,field,IN
WLL-1K8Y,LL,field,field,IN
WLL-1O2G,LL,field,field,IN
WLL-1O2O,LL,field,field,IN
WLL-1O2P,LL,field,field,IN
WLL-1O2Y,LL,field,field,IN
WLL-1O5B,LL,field,field,IN
WLL-1O5K,LL,field,field,IN
WLL-1O5O,LL,field,field,IN
WLL-1O5V,LL,field,field,IN
WLL-1O6B,LL,field,field,IN
WLL-1O6G,LL,field,field,IN
WLL-1O6K,LL,field,field,IN
WLL-1O6P,LL,field,field,IN
WLL-1O6R,LL,field,field,IN
WLL-1O6Y,LL,field,field,IN
WLL-1O7Y,LL,field,field,IN
WLL-1O8O,LL,field,field,IN
WLL-1O8P,LL,field,field,IN
WLL-1O8V,LL,field,field,IN
WLL-1O8Y,LL,field,field,IN
WLL-1P2B,LL,field,field,IN
WLL-1P5B,LL,field,field,IN
WLL-1P5K,LL,field,field,IN
WLL-1P5O,LL,field,field,IN
WLL-1P5P,LL,field,field,IN
WLL-1P5R,LL,field,field,IN
WLL-1P5V,LL,field,field,IN
WLL-1P5Y,LL,field,field,IN
WLL-1P6O,LL,field,field,IN
WLL-1P6Y,LL,field,field,IN
WLL-1P7G,LL,field,field,IN
WLL-1P7O,LL,field,field,IN
WLL-1P7P,LL,field,field,IN
WLL-1P7R,LL,field,field,IN
WLL-1P8O,LL,field,field,IN
WLL-1P8P,LL,field,field,IN
WLL-1P8R,LL,field,field,IN
WLL-1R2O,LL,field,field,IN
WLL-1R2Y,LL,field,field,IN
WLL-1R5B,LL,field,field,IN
WLL-1R5K,LL,field,field,IN
WLL-1R5R,LL,field,field,IN
WLL-1R5V,LL,field,field,IN
WLL-1R5Y,LL,field,field,IN
WLL-1R6G,LL,field,field,IN
WLL-1R6K,LL,field,field,IN
WLL-1R6P,LL,field,field,IN
WLL-1R6V,LL,field,field,IN
WLL-1R7R,LL,field,field,IN
WLL-1R8B,LL,field,field,IN
WLL-1R8G,LL,field,field,IN
WLL-1R8R,LL,field,field,IN
WLL-1V5B,LL,field,field,IN
WLL-1V5G,LL,field,field,IN
WLL-1V5K,LL,field,field,IN
WLL-1V6G,LL,field,field,IN
WLL-1V6K,LL,field,field,IN
WLL-1V6V,LL,field,field,IN
WLL-1V6Y,LL,field,field,IN
WLL-1V7R,LL,field,field,IN
WLL-1V7V,LL,field,field,IN
WLL-1V7Y,LL,field,field,IN
WLL-1V8B,LL,field,field,IN
WLL-1V8K,LL,field,field,IN
WLL-1V8R,LL,field,field,IN
WLL-1V8V,LL,field,field,IN
WLL-1V8Y,LL,field,field,IN
WLL-1Y2B,LL,field,field,IN
WLL-1Y2G,LL,field,field,IN
WLL-1Y2O,LL,field,field,IN
WLL-1Y2P,LL,field,field,IN
WLL-1Y2Y,LL,field,field,IN
WLL-1Y5G,LL,field,field,IN
WLL-1Y5O,LL,field,field,IN
WLL-1Y5P,LL,field,field,IN
WLL-1Y5Y,LL,field,field,IN
WLL-1Y6B,LL,field,field,IN
WLL-1Y6G,LL,field,field,IN
WLL-1Y6K,LL,field,field,IN
WLL-1Y6P,LL,field,field,IN
WLL-1Y6R,LL,field,field,IN
WLL-1Y6V,LL,field,field,IN
WLL-1Y7B,LL,field,field,IN
WLL-1Y7O,LL,field,field,IN
WLL-1Y7Y,LL,field,field,IN
WLL-2B5K,LL,field,field,IN
WLL-2G5O,LL,field,field,IN
WLL-2G6O,LL,field,field,IN
WLL-2G7B,LL,field,field,IN
WLL-2G7O,LL,field,field,IN
WLL-2G8B,LL,field,field,IN
WLL-2G8G,LL,field,field,IN
WLL-2G8O,LL,field,field,IN
WLL-2K8G,LL,field,field,IN
WLL-2O5G,LL,field,field,IN
WLL-2O7G,LL,field,field,IN
WLL-2P6G,LL,field,field,IN
WLL-2R6B,LL,field,field,IN
WLL-2V6K,LL,field,field,IN
WLL-2V6R,LL,field,field,IN
WLL-2V7K,LL,field,field,IN
WLL-2V7R,LL,field,field,IN
WLL-2V7Y,LL,field,field,IN
WLL-2V8Y,LL,field,field,IN
WLL-2Y5R,LL,field,field,IN
WLL-2Y6R,LL,field,field,IN
WLL-2Y6V,LL,field,field,IN
WLL-2Y7G,LL,field,field,IN
WLL-2Y7R,LL,field,field,IN
WLL-2Y8R,LL,field,field,IN
WLL-3B5B,LL,field,field,IN
WLL-3B5V,LL,field,field,IN
WLL-3B6G,LL,field,field,IN
WLL-3B7K,LL,field,field,IN
WLL-3B8B,LL,field,field,IN
WLL-3B8G,LL,field,field,IN
WLL-3G5K,LL,field,field,IN
WLL-3G7V,LL,field,field,IN
WLL-3G7Y,LL,field,field,IN
WLL-3G8Y,LL,field,field,IN
WLL-3K5K,LL,field,field,IN
WLL-3K5P,LL,field,field,IN
WLL-3K5R,LL,field,field,IN
WLL-3K5V,LL,field,field,IN
WLL-3K6K,LL,field,field,IN
WLL-3K6V,LL,field,field,IN
WLL-3K7K,LL,field,field,IN
WLL-3K7R,LL,field,field,IN
WUL-1K8B,UL,field,field,IN
WUL-1B2G,UL,field,field,IN
WUL-1B2P,UL,field,field,IN
WUL-1O3R,UL,field,field,IN
WUL-1O3V,UL,field,field,IN
WUL-1B5B,UL,field,field,IN
WUL-1B5G,UL,field,field,IN
WUL-1B5K,UL,field,field,IN
WUL-1B5Y,UL,field,field,IN
WUL-1O3G,UL,field,field,IN
WUL-1B5R,UL,field,field,IN
WUL-1B6K,UL,field,field,IN
WUL-1P2B,UL,field,field,IN
WUL-1B5V,UL,field,field,IN
WUL-1R3B,UL,field,field,IN
WUL-1R3G,UL,field,field,IN
WUL-1R3P,UL,field,field,IN
WUL-1R3R,UL,field,field,IN
WUL-1B5V6O,UL,field,field,IN
WUL-1R3V,UL,field,field,IN
WUL-1V2G,UL,field,field,IN
WUL-1V2R,UL,field,field,IN
WUL-1V2V,UL,field,field,IN
WUL-1B6G,UL,field,field,IN
WUL-1V2Y,UL,field,field,IN
WUL-1Y3G,UL,field,field,IN
WUL-1Y3O,UL,field,field,IN
WUL-1B7O,UL,field,field,IN
WUL-1B6O,UL,field,field,IN
WUL-1B7R,UL,field,field,IN
WUL-1B6P,UL,field,field,IN
WUL-1B7V,UL,field,field,IN
WUL-1B6R,UL,field,field,IN
WUL-1B8G,UL,field,field,IN
WUL-1B6V,UL,field,field,IN
WUL-1B8K,UL,field,field,IN
WUL-1B8O,UL,field,field,IN
WUL-1B6Y,UL,field,field,IN
WUL-1B8R,UL,field,field,IN
WUL-1B7B,UL,field,field,IN
WUL-1B7K,UL,field,field,IN
WUL-1B7P,UL,field,field,IN
WUL-1G5R,UL,field,field,IN
WUL-1B7Y,UL,field,field,IN
WUL-1G5Y,UL,field,field,IN
WUL-1B8B,UL,field,field,IN
WUL-1B8V,UL,field,field,IN
WUL-1G7P,UL,field,field,IN
WUL-1G5B,UL,field,field,IN
WUL-1G5G,UL,field,field,IN
WUL-1G5K,UL,field,field,IN
WUL-1K5G,UL,field,field,IN
WUL-1G5O,UL,field,field,IN
WUL-1G5P,UL,field,field,IN
WUL-1G5V,UL,field,field,IN
WUL-1K5Y,UL,field,field,IN
WUL-1G6B,UL,field,field,IN
WUL-1G6G,UL,field,field,IN
WUL-1G6K,UL,field,field,IN
WUL-1K6Y,UL,field,field,IN
WUL-1G6O,UL,field,field,IN
WUL-1G6P,UL,field,field,IN
WUL-1G6V,UL,field,field,IN
WUL-1G7B,UL,field,field,IN
WUL-1G7G,UL,field,field,IN
WUL-1G7K,UL,field,field,IN
WUL-1O5O,UL,field,field,IN
WUL-1G7R,UL,field,field,IN
WUL-1G7Y,UL,field,field,IN
WUL-1G8G,UL,field,field,IN
WUL-1G8O,UL,field,field,IN
WUL-1K5B,UL,field,field,IN
WUL-1K5K6P,UL,field,field,IN
WUL-1O6P,UL,field,field,IN
WUL-1K5P,UL,field,field,IN
WUL-1K6B,UL,field,field,IN
WUL-1K6G,UL,field,field,IN
WUL-1K6O,UL,field,field,IN
WUL-1K6P,UL,field,field,IN
WUL-1K7Y,UL,field,field,IN
WUL-1K6V,UL,field,field,IN
WUL-1K7B,UL,field,field,IN
WUL-1K7G,UL,field,field,IN
WUL-1O6O,UL,field,field,IN
WUL-1V2O,UL,field,field,IN
WUL-1V2P,UL,field,field,IN
WUL-1Y3R,UL,field,field,IN
WUL-1K8O,UL,field,field,IN
WUL-1O7O,UL,field,field,IN
WUL-1O7R,UL,field,field,IN
WUL-1P5B,UL,field,field,IN
WUL-1P7V,UL,field,field,IN
WUL-1K8P,UL,field,field,IN
WUL-1O8R,UL,field,field,IN
WUL-1K8R,UL,field,field,IN
WUL-1O8Y,UL,field,field,IN
WUL-1P5G,UL,field,field,IN
WUL-1K8Y,UL,field,field,IN
WUL-1K8V,UL,field,field,IN
WUL-1O5K,UL,field,field,IN
WUL-1P6P,UL,field,field,IN
WUL-1P6R,UL,field,field,IN
WUL-1B2P8O,UL,field,field,IN
WUL-1P6V,UL,field,field,IN
WUL-1O5V,UL,field,field,IN
WUL-1P7Y,UL,field,field,IN
WUL-1P8P,UL,field,field,IN
WUL-1O6K,UL,field,field,IN
WUL-1R5G,UL,field,field,IN
WUL-1O6B,UL,field,field,IN
WUL-1R5R,UL,field,field,IN
WUL-1R6V,UL,field,field,IN
WUL-1P5V,UL,field,field,IN
WUL-1R7P,UL,field,field,IN
WUL-1P6G,UL,field,field,IN
WUL-1O8K,UL,field,field,IN
WUL-1P6O,UL,field,field,IN
WUL-1V8V,UL,field,field,IN
WUL-1P7G,UL,field,field,IN
WUL-1Y5P,UL,field,field,IN
WUL-1R7R,UL,field,field,IN
WUL-1Y5V,UL,field,field,IN
WUL-1Y5Y,UL,field,field,IN
WUL-1R7V,UL,field,field,IN
WUL-1R7Y,UL,field,field,IN
WUL-1V5R,UL,field,field,IN
WUL-1P7K,UL,field,field,IN
WUL-1V6P,UL,field,field,IN
WUL-1V5V,UL,field,field,IN
WUL-1V6V,UL,field,field,IN
WUL-1V6Y,UL,field,field,IN
WUL-1Y6R,UL,field,field,IN
WUL-1Y6Y,UL,field,field,IN
WUL-1O6R,UL,field,field,IN
WUL-1V7V,UL,field,field,IN
WUL-1V8Y,UL,field,field,IN
WUL-1Y5R,UL,field,field,IN
WUL-1O7P,UL,field,field,IN
WUL-1Y6K,UL,field,field,IN
WUL-1Y6P,UL,field,field,IN
WUL-1P8V,UL,field,field,IN
WUL-1V7R,UL,field,field,IN
WUL-1Y8K,UL,field,field,IN
WUL-1V8K,UL,field,field,IN
WUL-2K7K,UL,field,field,IN
WUL-1O8O,UL,field,field,IN
WUL-1R8V,UL,field,field,IN
WUL-1V6G,UL,field,field,IN
WUL-1V7B,UL,field,field,IN
WUL-1P7B,UL,field,field,IN
WUL-1V7K,UL,field,field,IN
WUL-1P7O,UL,field,field,IN
WUL-1P8B,UL,field,field,IN
WUL-1Y7V,UL,field,field,IN
WUL-1P8O,UL,field,field,IN
WUL-1O8V,UL,field,field,IN
WUL-1P8R,UL,field,field,IN
WUL-1R5O,UL,field,field,IN
WUL-1R6B,UL,field,field,IN
WUL-1P6B,UL,field,field,IN
WUL-1R6Y,UL,field,field,IN
WUL-1R7B,UL,field,field,IN
WUL-1P7R,UL,field,field,IN
WUL-1R7G,UL,field,field,IN
WUL-1P8K,UL,field,field,IN
WUL-1R8B,UL,field,field,IN
WUL-1R8G,UL,field,field,IN
WUL-1R5K,UL,field,field,IN
WUL-1V8P,UL,field,field,IN
WUL-1R6P,UL,field,field,IN
WUL-1Y6B,UL,field,field,IN
WUL-1Y6G,UL,field,field,IN
WUL-1Y7G,UL,field,field,IN
WUL-1Y7K,UL,field,field,IN
WUL-1R7O,UL,field,field,IN
WUL-2B6G,UL,field,field,IN
WUL-2B8V,UL,field,field,IN
WUL-2G5O,UL,field,field,IN
WUL-2G5P,UL,field,field,IN
WUL-1R8K,UL,field,field,IN
WUL-2G6K,UL,field,field,IN
WUL-1R8O,UL,field,field,IN
WUL-2G8G,UL,field,field,IN
WUL-2G8R,UL,field,field,IN
WUL-1R8P,UL,field,field,IN
WUL-2O7G,UL,field,field,IN
WUL-1V6B,UL,field,field,IN
WUL-2O7P,UL,field,field,IN
WUL-2O8P,UL,field,field,IN
WUL-1V6O,UL,field,field,IN
WUL-2P7P,UL,field,field,IN
WUL-2P7R,UL,field,field,IN
WUL-1V6R,UL,field,field,IN
WUL-2R6G,UL,field,field,IN
WUL-1V8G,UL,field,field,IN
WUL-2R7G,UL,field,field,IN
WUL-2R7R,UL,field,field,IN
WUL-1V8O,UL,field,field,IN
WUL-1V8R,UL,field,field,IN
WUL-3G5O,UL,field,field,IN
WUL-3G5P,UL,field,field,IN
WUL-3G8B,UL,field,field,IN
WUL-1Y5O,UL,field,field,IN
WUL-1Y7R,UL,field,field,IN
WUL-1Y8V,UL,field,field,IN
WUL-2B5B,UL,field,field,IN
WUL-2B5K,UL,field,field,IN
WUL-2B5R,UL,field,field,IN
WUL-2B6B,UL,field,field,IN
WUL-2B6R,UL,field,field,IN
WUL-2B7K,UL,field,field,IN
WUL-2B7P,UL,field,field,IN
WUL-2B8K,UL,field,field,IN
WUL-2B8O,UL,field,field,IN
WUL-2G5G,UL,field,field,IN
WUL-2G5K,UL,field,field,IN
WUL-2G6R,UL,field,field,IN
WUL-2G7B,UL,field,field,IN
WUL-2G8B,UL,field,field,IN
WUL-2K5G,UL,field,field,IN
WUL-2K5K,UL,field,field,IN
WUL-2K5O,UL,field,field,IN
WUL-2K5R,UL,field,field,IN
WUL-2K5V,UL,field,field,IN
WUL-2K6G,UL,field,field,IN
WUL-2K6R,UL,field,field,IN
WUL-2K6Y,UL,field,field,IN
WUL-2K7G,UL,field,field,IN
WUL-2K7O,UL,field,field,IN
WUL-2K7V,UL,field,field,IN
WUL-2K8B,UL,field,field,IN
WUL-2K8K,UL,field,field,IN
WUL-2K8P,UL,field,field,IN
WUL-2K8R,UL,field,field,IN
WUL-2K8Y,UL,field,field,IN
WUL-2O5B,UL,field,field,IN
WUL-2O5Y,UL,field,field,IN
WUL-2O6B,UL,field,field,IN
WUL-2O6G,UL,field,field,IN
WUL-2O6R,UL,field,field,IN
WUL-2O8Y,UL,field,field,IN
WUL-2P5G6G,UL,field,field,IN
WUL-2P5V,UL,field,field,IN
WUL-2P5Y,UL,field,field,IN
WUL-2P6P,UL,field,field,IN
WUL-2P7G,UL,field,field,IN
WUL-2P8P,UL,field,field,IN
WUL-2P8R,UL,field,field,IN
WUL-2P8V,UL,field,field,IN
WUL-2R5B,UL,field,field,IN
WUL-2R5K,UL,field,field,IN
WUL-2R6V,UL,field,field,IN
WUL-2R7B,UL,field,field,IN
WUL-2R7Y,UL,field,field,IN
WUL-2R8G,UL,field,field,IN
WUL-2R8R,UL,field,field,IN
WUL-2V5O,UL,field,field,IN
WUL-2V5V,UL,field,field,IN
WUL-2V6V,UL,field,field,IN
WUL-2V6Y,UL,field,field,IN
WUL-2V7B,UL,field,field,IN
WUL-2V7K,UL,field,field,IN
WUL-2V7O,UL,field,field,IN
WUL-2V7R,UL,field,field,IN
WUL-2V8B,UL,field,field,IN
WUL-2Y5B,UL,field,field,IN
WUL-2Y5G,UL,field,field,IN
WUL-2Y5K,UL,field,field,IN
WUL-2Y5O,UL,field,field,IN
WUL-2Y5V,UL,field,field,IN
WUL-3B6P,UL,field,field,IN
WUL-3B7B,UL,field,field,IN
WUL-3B8B,UL,field,field,IN
WUL-3B8G,UL,field,field,IN
WUL-3B8K,UL,field,field,IN
WUL-3B8O,UL,field,field,IN
WUL-3B8P,UL,field,field,IN
WUL-3G5B,UL,field,field,IN
WUL-3G5R,UL,field,field,IN
WUL-3G5V,UL,field,field,IN
WUL-3G6O,UL,field,field,IN
WUL-3G6P,UL,field,field,IN
WUL-3G7B,UL,field,field,IN
WUL-3G7G,UL,field,field,IN
WUL-3G7K,UL,field,field,IN
WUL-3G7R,UL,field,field,IN
WUL-3G8G,UL,field,field,IN
WUL-3G8O,UL,field,field,IN
WUL-3G8R,UL,field,field,IN
WUL-3G8Y,UL,field,field,IN
WUL-3K5B,UL,field,field,IN
WUL-3K5R,UL,field,field,IN
WUL-3K6G,UL,field,field,IN
WUL-3K6R,UL,field,field,IN
WIC-1B2W,IC,field,field,IN
WIC-1B3B,IC,field,field,IN
WIC-1B4K,IC,field,field,IN
WIC-1B4P,IC,field,field,IN
WIC-1B4W,IC,field,field,IN
WIC-1B6P,IC,field,field,IN
WIC-1B6V,IC,field,field,IN
WIC-1B7W,IC,field,field,IN
WIC-1B8B,IC,field,field,IN
WIC-1G4G,IC,field,field,IN
WIC-1K2W,IC,field,field,IN
WIC-1K4P,IC,field,field,IN
WIC-1K4R,IC,field,field,IN
WIC-1K4V,IC,field,field,IN
WIC-1K7G,IC,field,field,IN
WIC-1K7K,IC,field,field,IN
WIC-1K7P,IC,field,field,IN
WIC-1K7R,IC,field,field,IN
WIC-1K7V,IC,field,field,IN
WIC-1K7Y,IC,field,field,IN
WIC-1O2W,IC,field,field,IN
WIC-1O3B,IC,field,field,IN
WIC-1O4P,IC,field,field,IN
WIC-1O6G,IC,field,field,IN
WIC-1P6G,IC,field,field,IN
WIC-1P6K,IC,field,field,IN
WIC-1P6R,IC,field,field,IN
WIC-1P6V,IC,field,field,IN
WIC-1P6Y,IC,field,field,IN
WIC-1P7G,IC,field,field,IN
WIC-1P7K,IC,field,field,IN
WIC-1P7V,IC,field,field,IN
WIC-1R2W,IC,field,field,IN
WIC-1R4G,IC,field,field,IN
WIC-1R6R,IC,field,field,IN
WIC-1R6V,IC,field,field,IN
WIC-1R6W,IC,field,field,IN
WIC-1R7R,IC,field,field,IN
WIC-1R7Y,IC,field,field,IN
WIC-1V2W,IC,field,field,IN
WIC-1V4G,IC,field,field,IN
WIC-1V4K,IC,field,field,IN
WIC-1V4P,IC,field,field,IN
WIC-1V4R,IC,field,field,IN
WIC-1V4V,IC,field,field,IN
WIC-1V4Y,IC,field,field,IN
WIC-1V6G,IC,field,field,IN
WIC-1V6K,IC,field,field,IN
WIC-1V6P,IC,field,field,IN
WIC-1V6W,IC,field,field,IN
WIC-1V6Y,IC,field,field,IN
WIC-1W2P,IC,field,field,IN
WIC-1W2R,IC,field,field,IN
WIC-1W2V,IC,field,field,IN
WIC-1W2W,IC,field,field,IN
WIC-1W6B,IC,field,field,IN
WIC-1W6P,IC,field,field,IN
WIC-1W6R,IC,field,field,IN
WIC-1W6V,IC,field,field,IN
WIC-1W6W,IC,field,field,IN
WIC-1Y3V,IC,field,field,IN
WIC-1Y4P,IC,field,field,IN
WIC-1Y4R,IC,field,field,IN
WIC-1Y4Y,IC,field,field,IN
WIC-1Y6Y,IC,field,field,IN
WIC-2B4W,IC,field,field,IN
WIC-2B6G,IC,field,field,IN
WIC-2B8W,IC,field,field,IN
WIC-2G5W,IC,field,field,IN
WIC-2G6Y,IC,field,field,IN
WIC-2O6P,IC,field,field,IN
WIC-2P4W,IC,field,field,IN
WIC-2P8W,IC,field,field,IN
WIC-2R4W,IC,field,field,IN
WIC-2R6O,IC,field,field,IN
WIC-2R8W,IC,field,field,IN
WIC-2V4W,IC,field,field,IN
WIC-2V8W,IC,field,field,IN
WIC-2W4B,IC,field,field,IN
WIC-2W4K,IC,field,field,IN
WIC-2W4O,IC,field,field,IN
WIC-2W4P,IC,field,field,IN
WIC-2W4R,IC,field,field,IN
WIC-2W4V,IC,field,field,IN
WIC-2W8B,IC,field,field,IN
WIC-2W8O,IC,field,field,IN
WIC-2W8P,IC,field,field,IN
WIC-2W8R,IC,field,field,IN
WIC-2W8V,IC,field,field,IN
WIC-3B4B,IC,field,field,IN
WIC-3B4G,IC,field,field,IN
WIC-3G4W,IC,field,field,IN
WIC-3G7Y,IC,field,field,IN
WIC-3G8W,IC,field,field,IN
WIC-3K7B,IC,field,field,IN
WIC-3P7W,IC,field,field,IN
WIC-3R7W,IC,field,field,IN
WIC-3V7W,IC,field,field,IN
WIC-3W7B,IC,field,field,IN
WIC-3W7K,IC,field,field,IN
WIC-3W7O,IC,field,field,IN
WIC-3W7R,IC,field,field,IN
WIC-3W7R8W,IC,field,field,IN
WIC-3W7V,IC,field,field,IN
WIC-3W7W,IC,field,field,IN
WIC-3Y7V,IC,field,field,IN
WIC-4B7P,IC,field,field,IN
WIC-4B8W,IC,field,field,IN
WIC-4G6G,IC,field,field,IN
WIC-4G6K,IC,field,field,IN
WIC-4G6P,IC,field,field,IN
WIC-4G8Y,IC,field,field,IN
WIC-4K6G,IC,field,field,IN
WIC-4K6K,IC,field,field,IN
WIC-4K6P,IC,field,field,IN
WIC-4O6K,IC,field,field,IN
WIC-4O6O,IC,field,field,IN
WIC-4O7O,IC,field,field,IN
WIC-4O7W,IC,field,field,IN
WIC-4O8Y,IC,field,field,IN
WIC-4P6P,IC,field,field,IN
WIC-4P7G,IC,field,field,IN
WIC-4P7W,IC,field,field,IN
WIC-4P7Y,IC,field,field,IN
WIC-4R7G,IC,field,field,IN
WIC-4R7P,IC,field,field,IN
WIC-4R7R,IC,field,field,IN
WIC-4R7V,IC,field,field,IN
WIC-4R7W,IC,field,field,IN
WIC-4R7Y,IC,field,field,IN
WIC-4R8R,IC,field,field,IN
WIC-4V6G,IC,field,field,IN
WIC-4V6K,IC,field,field,IN
WIC-4V6P,IC,field,field,IN
WIC-4V6R,IC,field,field,IN
WIC-4V6V,IC,field,field,IN
WIC-4V6Y,IC,field,field,IN
WIC-4V7P,IC,field,field,IN
WIC-4V7R,IC,field,field,IN
WIC-4V7W,IC,field,field,IN
WIC-4V7Y,IC,field,field,IN
WIC-4W7O,IC,field,field,IN
WIC-4W7R,IC,field,field,IN
WIC-4W7V,IC,field,field,IN
WIC-4Y6R,IC,field,field,IN
WIC-4Y6V,IC,field,field,IN
WIC-4Y6Y,IC,field,field,IN
WIC-4Y7G,IC,field,field,IN
WIC-4Y7K,IC,field,field,IN
WIC-4Y7R,IC,field,field,IN
WIC-4Y7Y,IC,field,field,IN
WIC-5B7G,IC,field,field,IN
WIC-5B7R,IC,field,field,IN
WIC-5G7Y,IC,field,field,IN
WIC-5K7Y,IC,field,field,IN
WIC-5K8W,IC,field,field,IN
WIC-5O8W,IC,field,field,IN
WIC-5P7P,IC,field,field,IN
WIC-5R7R,IC,field,field,IN
WIC-5R7Y,IC,field,field,IN
WIC-5R8W,IC,field,field,IN
WIC-5V8W,IC,field,field,IN
WIC-5W7P,IC,field,field,IN
WIC-5W8K,IC,field,field,IN
WIC-5W8O,IC,field,field,IN
WIC-5W8P,IC,field,field,IN
WIC-5W8R,IC,field,field,IN
WIC-5W8V,IC,field,field,IN
WIC-5Y7V,IC,field,field,IN
WIC-6B7W,IC,field,field,IN
WIC-6K7R,IC,field,field,IN
WIC-6O7O,IC,field,field,IN
WIC-6O7R,IC,field,field,IN
WIC-6O7Y,IC,field,field,IN
WIC-6P7P,IC,field,field,IN
WIC-6P7R,IC,field,field,IN
WIC-6P7V,IC,field,field,IN
WIC-6P7Y,IC,field,field,IN
WIC-6R7B,IC,field,field,IN
WIC-6R7G,IC,field,field,IN
WIC-6R7K,IC,field,field,IN
WIC-6R7P,IC,field,field,IN
WIC-6R7R,IC,field,field,IN
WIC-6R7V,IC,field,field,IN
WIC-6R7Y,IC,field,field,IN
WIC-6V7B,IC,field,field,IN
WIC-6V7G,IC,field,field,IN
WIC-6V7K,IC,field,field,IN
WIC-6V7O,IC,field,field,IN
WIC-6V7P,IC,field,field,IN
WIC-6Y7G,IC,field,field,IN
WIC-7O8P,IC,field,field,IN
WIT-1B4B,IT,field,field,IN
WIT-1B4G,IT,field,field,IN
WIT-1B4P,IT,field,field,IN
WIT-1B4Y,IT,field,field,IN
WIT-1B6B,IT,field,field,IN
WIT-1B6G,IT,field,field,IN
WIT-1B6K,IT,field,field,IN
WIT-1B6O,IT,field,field,IN
WIT-1B6P,IT,field,field,IN
WIT-1B6V,IT,field,field,IN
WIT-1B6Y,IT,field,field,IN
WIT-1B7B,IT,field,field,IN
WIT-1B7G,IT,field,field,IN
WIT-1B7O,IT,field,field,IN
WIT-1B7R,IT,field,field,IN
WIT-1B7V,IT,field,field,IN
WIT-1G3W,IT,field,field,IN
WIT-1G4B,IT,field,field,IN
WIT-1G4R,IT,field,field,IN
WIT-1G4V,IT,field,field,IN
WIT-1G4Y,IT,field,field,IN
WIT-1G6B,IT,field,field,IN
WIT-1G6G,IT,field,field,IN
WIT-1G6O,IT,field,field,IN
WIT-1G6P,IT,field,field,IN
WIT-1G6R,IT,field,field,IN
WIT-1G6V,IT,field,field,IN
WIT-1G6Y,IT,field,field,IN
WIT-1G7B,IT,field,field,IN
WIT-1G7G,IT,field,field,IN
WIT-1G7P,IT,field,field,IN
WIT-1G7W,IT,field,field,IN
WIT-1G7Y,IT,field,field,IN
WIT-1K3K,IT,field,field,IN
WIT-1K3V,IT,field,field,IN
WIT-1K4B,IT,field,field,IN
WIT-1K4K,IT,field,field,IN
WIT-1K4O,IT,field,field,IN
WIT-1K4P,IT,field,field,IN
WIT-1K4R,IT,field,field,IN
WIT-1K4V,IT,field,field,IN
WIT-1K4Y,IT,field,field,IN
WIT-1K6B,IT,field,field,IN
WIT-1K6G,IT,field,field,IN
WIT-1K6K,IT,field,field,IN
WIT-1K6O,IT,field,field,IN
WIT-1K6R,IT,field,field,IN
WIT-1K6V,IT,field,field,IN
WIT-1K6Y,IT,field,field,IN
WIT-1K7B,IT,field,field,IN
WIT-1K7K,IT,field,field,IN
WIT-1K7O,IT,field,field,IN
WIT-1K7P,IT,field,field,IN
WIT-1K7R,IT,field,field,IN
WIT-1K8G,IT,field,field,IN
WIT-1O2V6B7O,IT,field,field,IN
WIT-1O3B,IT,field,field,IN
WIT-1O3V,IT,field,field,IN
WIT-1O4B,IT,field,field,IN
WIT-1O4G,IT,field,field,IN
WIT-1O4R,IT,field,field,IN
WIT-1O6O,IT,field,field,IN
WIT-1O6R,IT,field,field,IN
WIT-1O6Y,IT,field,field,IN
WIT-1O7G,IT,field,field,IN
WIT-1O7O,IT,field,field,IN
WIT-1O7R,IT,field,field,IN
WIT-1O7Y,IT,field,field,IN
WIT-1O8V,IT,field,field,IN
WIT-1P2G,IT,field,field,IN
WIT-1P4B,IT,field,field,IN
WIT-1P4G,IT,field,field,IN
WIT-1P4O,IT,field,field,IN
WIT-1P4P,IT,field,field,IN
WIT-1P4R,IT,field,field,IN
WIT-1P4V,IT,field,field,IN
WIT-1P5G,IT,field,field,IN
WIT-1P6G,IT,field,field,IN
WIT-1P6O,IT,field,field,IN
WIT-1P6R,IT,field,field,IN
WIT-1P7O,IT,field,field,IN
WIT-1P7P,IT,field,field,IN
WIT-1P7R,IT,field,field,IN
WIT-1P7V,IT,field,field,IN
WIT-1P7Y,IT,field,field,IN
WIT-1P8G,IT,field,field,IN
WIT-1R4B,IT,field,field,IN
WIT-1R4G,IT,field,field,IN
WIT-1R4O,IT,field,field,IN
WIT-1R4P,IT,field,field,IN
WIT-1R4R,IT,field,field,IN
WIT-1R4V,IT,field,field,IN
WIT-1R6K,IT,field,field,IN
WIT-1R6O,IT,field,field,IN
WIT-1R6R,IT,field,field,IN
WIT-1R7B,IT,field,field,IN
WIT-1R7G,IT,field,field,IN
WIT-1R7K,IT,field,field,IN
WIT-1R7O,IT,field,field,IN
WIT-1R7R,IT,field,field,IN
WIT-1R7V,IT,field,field,IN
WIT-1V4B,IT,field,field,IN
WIT-1V4G,IT,field,field,IN
WIT-1V4K,IT,field,field,IN
WIT-1V4O,IT,field,field,IN
WIT-1V4P,IT,field,field,IN
WIT-1V4V,IT,field,field,IN
WIT-1V4Y,IT,field,field,IN
WIT-1V6B7G,IT,field,field,IN
WIT-1V6K,IT,field,field,IN
WIT-1V6O,IT,field,field,IN
WIT-1V6P,IT,field,field,IN
WIT-1V7B,IT,field,field,IN
WIT-1V7G,IT,field,field,IN
WIT-1V7K,IT,field,field,IN
WIT-1V7O,IT,field,field,IN
WIT-1V7P,IT,field,field,IN
WIT-1V7V,IT,field,field,IN
WIT-1V7Y,IT,field,field,IN
WIT-1V8B,IT,field,field,IN
WIT-1W2R,IT,field,field,IN
WIT-1W6V,IT,field,field,IN
WIT-1Y4G,IT,field,field,IN
WIT-1Y4K,IT,field,field,IN
WIT-1Y4O,IT,field,field,IN
WIT-1Y6B,IT,field,field,IN
WIT-1Y6G,IT,field,field,IN
WIT-1Y6K,IT,field,field,IN
WIT-1Y6O,IT,field,field,IN
WIT-1Y6P,IT,field,field,IN
WIT-1Y6Y,IT,field,field,IN
WIT-1Y7B,IT,field,field,IN
WIT-1Y7G,IT,field,field,IN
WIT-1Y7P,IT,field,field,IN
WIT-1Y7R,IT,field,field,IN
WIT-2B8W,IT,field,field,IN
WIT-2K6K,IT,field,field,IN
WIT-2K6V,IT,field,field,IN
WIT-2P4G,IT,field,field,IN
WIT-2P7B,IT,field,field,IN
WIT-2P7G,IT,field,field,IN
WIT-2W4O,IT,field,field,IN
WIT-2W8O,IT,field,field,IN
WIT-3O7O,IT,field,field,IN
WIT-3P7K,IT,field,field,IN
WIT-3V4G,IT,field,field,IN
WIT-3W7G,IT,field,field,IN
WIT-3W7O,IT,field,field,IN
WIT-3W7W,IT,field,field,IN
WIT-4B6G,IT,field,field,IN
WIT-4B6K,IT,field,field,IN
WIT-4B6O,IT,field,field,IN
WIT-4B7K,IT,field,field,IN
WIT-4B7O,IT,field,field,IN
WIT-4B7P,IT,field,field,IN
WIT-4B7R,IT,field,field,IN
WIT-4B7V,IT,field,field,IN
WIT-4B7Y,IT,field,field,IN
WIT-4G6G,IT,field,field,IN
WIT-4G7G,IT,field,field,IN
WIT-4G7K,IT,field,field,IN
WIT-4G7P,IT,field,field,IN
WIT-4G7R,IT,field,field,IN
WIT-4G7Y,IT,field,field,IN
WIT-4K6B,IT,field,field,IN
WIT-4K6G,IT,field,field,IN
WIT-4K6K,IT,field,field,IN
WIT-4K6O,IT,field,field,IN
WIT-4K6P,IT,field,field,IN
WIT-4K6R,IT,field,field,IN
WIT-4K6V,IT,field,field,IN
WIT-4K6Y,IT,field,field,IN
WIT-4K7B,IT,field,field,IN
WIT-4K7G,IT,field,field,IN
WIT-4K7K,IT,field,field,IN
WIT-4K7O,IT,field,field,IN
WIT-4K7P,IT,field,field,IN
WIT-4K7R,IT,field,field,IN
WIT-4K8G,IT,field,field,IN
WIT-4K8K,IT,field,field,IN
WIT-4K8R,IT,field,field,IN
WIT-4O5Y,IT,field,field,IN
WIT-4O6B,IT,field,field,IN
WIT-4O6G,IT,field,field,IN
WIT-4O6K,IT,field,field,IN
WIT-4O6O,IT,field,field,IN
WIT-4O6P,IT,field,field,IN
WIT-4O6R,IT,field,field,IN
WIT-4O6Y,IT,field,field,IN
WIT-4O7B,IT,field,field,IN
WIT-4O7G,IT,field,field,IN
WIT-4O7K,IT,field,field,IN
WIT-4O7O,IT,field,field,IN
WIT-4O7P,IT,field,field,IN
WIT-4O7W,IT,field,field,IN
WIT-4O7Y,IT,field,field,IN
WIT-4P6K,IT,field,field,IN
WIT-4P6O,IT,field,field,IN
WIT-4P6R,IT,field,field,IN
WIT-4P6V,IT,field,field,IN
WIT-4P7O,IT,field,field,IN
WIT-4R6B,IT,field,field,IN
WIT-4R6G,IT,field,field,IN
WIT-4R6K,IT,field,field,IN
WIT-4R6O,IT,field,field,IN
WIT-4R6P,IT,field,field,IN
WIT-4R6R,IT,field,field,IN
WIT-4R6Y,IT,field,field,IN
WIT-4R7Y,IT,field,field,IN
WIT-4V6B,IT,field,field,IN
WIT-4V6G,IT,field,field,IN
WIT-4V6K,IT,field,field,IN
WIT-4V6O,IT,field,field,IN
WIT-4V6P,IT,field,field,IN
WIT-4V7P,IT,field,field,IN
WIT-4V8B,IT,field,field,IN
WIT-4V8K,IT,field,field,IN
WIT-4W7G,IT,field,field,IN
WIT-4W7K,IT,field,field,IN
WIT-4W7O,IT,field,field,IN
WIT-4W7R,IT,field,field,IN
WIT-4W7W,IT,field,field,IN
WIT-4Y6G,IT,field,field,IN
WIT-4Y6O,IT,field,field,IN
WIT-4Y7B,IT,field,field,IN
WIT-4Y7G,IT,field,field,IN
WIT-4Y7K,IT,field,field,IN
WIT-4Y7O,IT,field,field,IN
WIT-4Y7P,IT,field,field,IN
WIT-4Y7R,IT,field,field,IN
WIT-4Y7V,IT,field,field,IN
WIT-4Y7Y,IT,field,field,IN
WIT-5K7G,IT,field,field,IN
WIT-5K7O,IT,field,field,IN
WIT-5K7R,IT,field,field,IN
WIT-5O7B,IT,field,field,IN
WIT-5O7V,IT,field,field,IN
WIT-5O7Y,IT,field,field,IN
WIT-5O8W,IT,field,field,IN
WIT-5P6G,IT,field,field,IN
WIT-5P7G,IT,field,field,IN
WIT-5R6R7O,IT,field,field,IN
WIT-5R7P,IT,field,field,IN
WIT-5R7Y,IT,field,field,IN
WIT-5V7G,IT,field,field,IN
WIT-6B7B,IT,field,field,IN
WIT-6B7O,IT,field,field,IN
WIT-6B7R,IT,field,field,IN
WIT-6B7V,IT,field,field,IN
WIT-6B7Y,IT,field,field,IN
WIT-6G7K,IT,field,field,IN
WIT-6G7P,IT,field,field,IN
WIT-6G7Y,IT,field,field,IN
WIT-6K7K,IT,field,field,IN
WIT-6K7O,IT,field,field,IN
WIT-6K7P,IT,field,field,IN
WIT-6K7R,IT,field,field,IN
WIT-6K7V,IT,field,field,IN
WIT-6O7B,IT,field,field,IN
WIT-6O7G,IT,field,field,IN
WIT-6O7K,IT,field,field,IN
WIT-6O7O,IT,field,field,IN
WIT-6O7V,IT,field,field,IN
WIT-6P7B,IT,field,field,IN
WIT-6P7K,IT,field,field,IN
WIT-6P7P,IT,field,field,IN
WIT-6P7R,IT,field,field,IN
WIT-6P7Y,IT,field,field,IN
WIT-6R7B,IT,field,field,IN
WIT-6R7G,IT,field,field,IN
WIT-6R7K,IT,field,field,IN
WIT-6R7P,IT,field,field,IN
WIT-6R7Y,IT,field,field,IN
WIT-6V7G,IT,field,field,IN
WIT-6V7V,IT,field,field,IN
WIT-6Y7B,IT,field,field,IN
WIT-6Y7P,IT,field,field,IN
WIT-6Y7R,IT,field,field,IN
WIT-6Y7Y,IT,field,field,IN
WCL-0ZZZZZZZ,CL,field,field,LP
WCL-1ZZZZZZZ,CL,field,field,LP
WCL-2ZZZZZZZ,CL,field,field,LP
WCL-3ZZZZZZZ,CL,field,field,LP
WCL-4ZZZZZZZ,CL,field,field,LP
WCL-5ZZZZZZZ,CL,field,field,LP
WCL-6ZZZZZZZ,CL,field,field,LP
WCL-7ZZZZZZZ,CL,field,field,LP
WCL-8ZZZZZZZ,CL,field,field,LP
WCL-9ZZZZZZZ,CL,field,field,LP
WCL-10ZZZZZZZ,CL,field,field,LP
WCL-11ZZZZZZZ,CL,field,field,LP
WCL-12ZZZZZZZ,CL,field,field,LP
WCL-13ZZZZZZZ,CL,field,field,LP
WCL-14ZZZZZZZ,CL,field,field,LP
WCL-15ZZZZZZZ,CL,field,field,LP
WCL-16ZZZZZZZ,CL,field,field,LP
WCL-17ZZZZZZZ,CL,field,field,LP
WCL-18ZZZZZZZ,CL,field,field,LP
WCL-19ZZZZZZZ,CL,field,field,LP
WCL-20ZZZZZZZ,CL,field,field,LP
WTB-0ZZZZZZZ,TB,field,field,LP
WTB-1ZZZZZZZ,TB,field,field,LP
WTB-2ZZZZZZZ,TB,field,field,LP
WTB-3ZZZZZZZ,TB,field,field,LP
WTB-4ZZZZZZZ,TB,field,field,LP
WTB-5ZZZZZZZ,TB,field,field,LP
WTB-6ZZZZZZZ,TB,field,field,LP
WTB-7ZZZZZZZ,TB,field,field,LP
WTB-8ZZZZZZZ,TB,field,field,LP
WTB-9ZZZZZZZ,TB,field,field,LP
WTB-10ZZZZZZZ,TB,field,field,LP
WTB-11ZZZZZZZ,TB,field,field,LP
WTB-12ZZZZZZZ,TB,field,field,LP
WTB-13ZZZZZZZ,TB,field,field,LP
WTB-14ZZZZZZZ,TB,field,field,LP
WTB-15ZZZZZZZ,TB,field,field,LP
WTB-16ZZZZZZZ,TB,field,field,LP
WTB-17ZZZZZZZ,TB,field,field,LP
WTB-18ZZZZZZZ,TB,field,field,LP
WTL-0ZZZZZZZ,TL,field,field,LP
WTL-1ZZZZZZZ,TL,field,field,LP
WTL-2ZZZZZZZ,TL,field,field,LP
WTL-3ZZZZZZZ,TL,field,field,LP
WTL-4ZZZZZZZ,TL,field,field,LP
WTL-5ZZZZZZZ,TL,field,field,LP
WTL-6ZZZZZZZ,TL,field,field,LP
WTL-7ZZZZZZZ,TL,field,field,LP
WTL-8ZZZZZZZ,TL,field,field,LP
WTL-9ZZZZZZZ,TL,field,field,LP
WTL-10ZZZZZZZ,TL,field,field,LP
WTL-11ZZZZZZZ,TL,field,field,LP
WTL-12ZZZZZZZ,TL,field,field,LP
WTL-13ZZZZZZZ,TL,field,field,LP
WTL-14ZZZZZZZ,TL,field,field,LP
WTL-15ZZZZZZZ,TL,field,field,LP
WTL-16ZZZZZZZ,TL,field,field,LP
WTL-17ZZZZZZZ,TL,field,field,LP
WTL-18ZZZZZZZ,TL,field,field,LP
WTL-19ZZZZZZZ,TL,field,field,LP
WTL-20ZZZZZZZ,TL,field,field,LP
WTL-21ZZZZZZZ,TL,field,field,LP
WTL-22ZZZZZZZ,TL,field,field,LP
WTL-23ZZZZZZZ,TL,field,field,LP
WTL-24ZZZZZZZ,TL,field,field,LP
WTL-25ZZZZZZZ,TL,field,field,LP
WTL-26ZZZZZZZ,TL,field,field,LP
WTL-27ZZZZZZZ,TL,field,field,LP
WTL-28ZZZZZZZ,TL,field,field,LP
WTL-29ZZZZZZZ,TL,field,field,LP
WTL-30ZZZZZZZ,TL,field,field,LP
WTL-31ZZZZZZZ,TL,field,field,LP
WTL-32ZZZZZZZ,TL,field,field,LP
LGH-C201AHN0,GH,lab,no_cue,HP
LGH-C202AHN0,GH,lab,no_cue,HP
LGH-C204AHN0,GH,lab,no_cue,HP
LGH-C205AHN0,GH,lab,no_cue,HP
LGH-C206BHN0,GH,lab,no_cue,HP
LGH-C207BHN0,GH,lab,no_cue,HP
LGH-C208AHN0,GH,lab,no_cue,HP
LGH-C209AHN0,GH,lab,no_cue,HP
LGH-C210AHN0,GH,lab,no_cue,HP
LGH-C211AHN0,GH,lab,no_cue,HP
LGH-C212AHN0,GH,lab,no_cue,HP
LGH-C213AHN0,GH,lab,no_cue,HP
LGH-C215AHN0,GH,lab,no_cue,HP
LGH-C216AHN0,GH,lab,no_cue,HP
LGH-C217AHN0,GH,lab,no_cue,HP
LGH-C218BHN0,GH,lab,no_cue,HP
LGH-C220BHN0,GH,lab,no_cue,HP
LGH-C221AHN0,GH,lab,no_cue,HP
LGH-C222AHN0,GH,lab,no_cue,HP
LGH-C223AHN0,GH,lab,no_cue,HP
LGH-C224AHN0,GH,lab,no_cue,HP
LGH-C226AHN0,GH,lab,no_cue,HP
LGH-C230AHN0,GH,lab,no_cue,HP
LLL-C201AHNM,LL,lab,no_cue,IN
LLL-C203AHN9M,LL,lab,no_cue,IN
LLL-C204AHNM,LL,lab,no_cue,IN
LLL-C208AHNM,LL,lab,no_cue,IN
LLL-C210AHN10M,LL,lab,no_cue,IN
LLL-C211AHNM,LL,lab,no_cue,IN
LLL-C212AHN10M,LL,lab,no_cue,IN
LLL-C214AHNM,LL,lab,no_cue,IN
LLL-C215AHNM,LL,lab,no_cue,IN
LLL-C216AHNM,LL,lab,no_cue,IN
LLL-C217AHN9M,LL,lab,no_cue,IN
LLL-C218BHNM,LL,lab,no_cue,IN
LLL-C219AHNM,LL,lab,no_cue,IN
LLL-C220AHN11M,LL,lab,no_cue,IN
LLL-C221AHNM,LL,lab,no_cue,IN
LLL-C222AHN8M,LL,lab,no_cue,IN
LLL-C223AHNM,LL,lab,no_cue,IN
LLL-C224AHNM,LL,lab,no_cue,IN
LLL-C225AHN9M,LL,lab,no_cue,IN
LUL-C201AHN9M,UL,lab,no_cue,IN
LUL-C202AHN8M,UL,lab,no_cue,IN
LUL-C203AHN9M,UL,lab,no_cue,IN
LUL-C204AHNM,UL,lab,no_cue,IN
LUL-C205AHN9M,UL,lab,no_cue,IN
LUL-C206AHNM,UL,lab,no_cue,IN
LUL-C207AHN9M,UL,lab,no_cue,IN
LUL-C208AHNM,UL,lab,no_cue,IN
LUL-C211AHNM,UL,lab,no_cue,IN
LUL-C212AHNM,UL,lab,no_cue,IN
LUL-C213AHNM,UL,lab,no_cue,IN
LUL-C214AHN8M,UL,lab,no_cue,IN
LUL-C215AHNM,UL,lab,no_cue,IN
LUL-C216BHNM,UL,lab,no_cue,IN
LUL-C217AHNM,UL,lab,no_cue,IN
LUL-C218AHNM,UL,lab,no_cue,IN
LUL-C220AHN9M,UL,lab,no_cue,IN
LUL-C221AHNM,UL,lab,no_cue,IN
LUL-C222AHNM,UL,lab,no_cue,IN
LUL-C223AHN9M,UL,lab,no_cue,IN
LUL-C224AHNM,UL,lab,no_cue,IN
LUL-C225AHNM,UL,lab,no_cue,IN
LIC-D201AHN0M,IC,lab,no_cue,IN
LIC-D202AHN0M,IC,lab,no_cue,IN
LIC-D203AHN0M,IC,lab,no_cue,IN
LIC-D204AHN0M,IC,lab,no_cue,IN
LIC-D205AHN0M,IC,lab,no_cue,IN
LIC-D207AHN0M,IC,lab,no_cue,IN
LIC-D208AHN0M,IC,lab,no_cue,IN
LIC-D209AHN0M,IC,lab,no_cue,IN
LIC-D210AHN0M,IC,lab,no_cue,IN
LIC-D211AHN0M,IC,lab,no_cue,IN
LIC-D212AHN0M,IC,lab,no_cue,IN
LIC-D213AHN0M,IC,lab,no_cue,IN
LIC-D214AHN0M,IC,lab,no_cue,IN
LIT-D201BHN0M,IT,lab,no_cue,IN
LIT-D203AHN0M,IT,lab,no_cue,IN
LIT-D208BHN0M,IT,lab,no_cue,IN
LIT-D210AHN0M,IT,lab,no_cue,IN
LIT-D211BHN0M,IT,lab,no_cue,IN
LIT-D213AHN0M,IT,lab,no_cue,IN
LIT-D215AHN0M,IT,lab,no_cue,IN
LIT-D216AHN0M,IT,lab,no_cue,IN
LIT-D217AHN0M,IT,lab,no_cue,IN
LIT-D218AHN0M,IT,lab,no_cue,IN
LIT-D219AHN0M,IT,lab,no_cue,IN
LIT-D222AHN0M,IT,lab,no_cue,IN
LCL-C201AHN0,CL,lab,no_cue,LP
LCL-C202AHN0,CL,lab,no_cue,LP
LCL-C203AHN0,CL,lab,no_cue,LP
LCL-C204AHN0,CL,lab,no_cue,LP
LCL-C205AHN0,CL,lab,no_cue,LP
LCL-C209AHN0,CL,lab,no_cue,LP
LCL-C210AHN0,CL,lab,no_cue,LP
LCL-C211AHN0,CL,lab,no_cue,LP
LCL-C212AHN0,CL,lab,no_cue,LP
LCL-C213AHN0,CL,lab,no_cue,LP
LCL-C214AHN0,CL,lab,no_cue,LP
LCL-C215AHN0,CL,lab,no_cue,LP
LCL-C216AHN0,CL,lab,no_cue,LP
LCL-C217AHN0,CL,lab,no_cue,LP
LCL-C218DHN0,CL,lab,no_cue,LP
LCL-C219BHN0,CL,lab,no_cue,LP
LCL-C220BHN0,CL,lab,no_cue,LP
LCL-C222AHN0,CL,lab,no_cue,LP
LCL-C223AHN0,CL,lab,no_cue,LP
LCL-C224BHN0,CL,lab,no_cue,LP
LCL-C225AHN0,CL,lab,no_cue,LP
LTB-F234BAHN0M,TB,lab,no_cue,LP
LTB-F207BAHN0M,TB,lab,no_cue,LP
LTB-F262AAHN0M,TB,lab,no_cue,LP
LTB-F218AAHN0M,TB,lab,no_cue,LP
LTB-F256AAHN0M,TB,lab,no_cue,LP
LTB-F215AAHN0M,TB,lab,no_cue,LP
LTB-F222AAHNOM,TB,lab,no_cue,LP
LTB-F202AAHN0M,TB,lab,no_cue,LP
LTB-F257AAHN0M,TB,lab,no_cue,LP
LTB-F213AAHNOM,TB,lab,no_cue,LP
LTB-F217AAHN0M,TB,lab,no_cue,LP
LTB-F210AAHN0M,TB,lab,no_cue,LP
LTB-F203AAHN0M,TB,lab,no_cue,LP
LTL-C201AHN0,TL,lab,no_cue,LP
LTL-C202BHN0,TL,lab,no_cue,LP
LTL-C203AHN0,TL,lab,no_cue,LP
LTL-C208AHN0,TL,lab,no_cue,LP
LTL-C209AHN0,TL,lab,no_cue,LP
LTL-C211AHN0,TL,lab,no_cue,LP
LTL-C215AHN0,TL,lab,no_cue,LP
LTL-C216BHN0,TL,lab,no_cue,LP
LTL-C218BHN0,TL,lab,no_cue,LP
LTL-C219AHN0,TL,lab,no_cue,LP
LTL-C220AHN0,TL,lab,no_cue,LP
LTL-C221AHN0,TL,lab,no_cue,LP
LTL-C224AHN0,TL,lab,no_cue,LP
LTL-C225AHN0,TL,lab,no_cue,LP
LTL-C226BHN0,TL,lab,no_cue,LP
LGH-C201AHP0,GH,lab,cue,HP
LGH-C202AHP0,GH,lab,cue,HP
LGH-C204AHP0,GH,lab,cue,HP
LGH-C205BHP0,GH,lab,cue,HP
LGH-C206AHP0,GH,lab,cue,HP
LGH-C207BHP0,GH,lab,cue,HP
LGH-C208AHP0,GH,lab,cue,HP
LGH-C209AHP0,GH,lab,cue,HP
LGH-C210AHP0,GH,lab,cue,HP
LGH-C211AHP0,GH,lab,cue,HP
LGH-C212EHP0,GH,lab,cue,HP
LGH-C213AHP0,GH,lab,cue,HP
LGH-C215BHP0,GH,lab,cue,HP
LGH-C216AHP0,GH,lab,cue,HP
LGH-C217AHP0,GH,lab,cue,HP
LGH-C218AHP0,GH,lab,cue,HP
LGH-C220AHP0,GH,lab,cue,HP
LGH-C221AHP0,GH,lab,cue,HP
LGH-C222AHP0,GH,lab,cue,HP
LGH-C223BHP0,GH,lab,cue,HP
LGH-C224AHP0,GH,lab,cue,HP
LGH-C226AHP0,GH,lab,cue,HP
LGH-C230AHP0,GH,lab,cue,HP
LLL-C201AHP9M,LL,lab,cue,IN
LLL-C203BHPM,LL,lab,cue,IN
LLL-C204AHPM,LL,lab,cue,IN
LLL-C208AHPM,LL,lab,cue,IN
LLL-C210AHP10M,LL,lab,cue,IN
LLL-C211AHPM,LL,lab,cue,IN
LLL-C212BHPM,LL,lab,cue,IN
LLL-C214AHP8M,LL,lab,cue,IN
LLL-C215AHPM,LL,lab,cue,IN
LLL-C216AHP9M,LL,lab,cue,IN
LLL-C217BHPM,LL,lab,cue,IN
LLL-C218AHPM,LL,lab,cue,IN
LLL-C219AHPM,LL,lab,cue,IN
LLL-C220BHPM,LL,lab,cue,IN
LLL-C221AHPM,LL,lab,cue,IN
LLL-C222AHP8M,LL,lab,cue,IN
LLL-C223AHPM,LL,lab,cue,IN
LLL-C224AHPM,LL,lab,cue,IN
LLL-C225AHP9M,LL,lab,cue,IN
LUL-C201AHPM,UL,lab,cue,IN
LUL-C202AHPM,UL,lab,cue,IN
LUL-C203AHPM,UL,lab,cue,IN
LUL-C204BHP8M,UL,lab,cue,IN
LUL-C205AHPM,UL,lab,cue,IN
LUL-C206AHPM,UL,lab,cue,IN
LUL-C207BHP9M,UL,lab,cue,IN
LUL-C208AHP9M,UL,lab,cue,IN
LUL-C211AHP9M,UL,lab,cue,IN
LUL-C212AHPM,UL,lab,cue,IN
LUL-C213AHPM,UL,lab,cue,IN
LUL-C214AHP9M,UL,lab,cue,IN
LUL-C215AHPM,UL,lab,cue,IN
LUL-C216AHPM,UL,lab,cue,IN
LUL-C217AHP9M,UL,lab,cue,IN
LUL-C218AHP8M,UL,lab,cue,IN
LUL-C220AHPM,UL,lab,cue,IN
LUL-C221AHPM,UL,lab,cue,IN
LUL-C222AHPM,UL,lab,cue,IN
LUL-C223AHPM,UL,lab,cue,IN
LUL-C224AHP8M,UL,lab,cue,IN
LUL-C225AHPM,UL,lab,cue,IN
LIC-D201AHP0M,IC,lab,cue,IN
LIC-D202AHP0M,IC,lab,cue,IN
LIC-D203AHP0M,IC,lab,cue,IN
LIC-D204BHP0M,IC,lab,cue,IN
LIC-D205AHP0M,IC,lab,cue,IN
LIC-D207AHP0M,IC,lab,cue,IN
LIC-D208AHP0M,IC,lab,cue,IN
LIC-D209AHP0M,IC,lab,cue,IN
LIC-D210AHP0M,IC,lab,cue,IN
LIC-D211AHP0M,IC,lab,cue,IN
LIC-D212AHP0M,IC,lab,cue,IN
LIC-D213AHP0M,IC,lab,cue,IN
LIC-D214AHP0M,IC,lab,cue,IN
LIT-D201AHP0M,IT,lab,cue,IN
LIT-D203AHP0M,IT,lab,cue,IN
LIT-D208AHP0M,IT,lab,cue,IN
LIT-D210AHP0M,IT,lab,cue,IN
LIT-D211AHP0M,IT,lab,cue,IN
LIT-D213CHP0M,IT,lab,cue,IN
LIT-D215AHP0M,IT,lab,cue,IN
LIT-D216AHP0M,IT,lab,cue,IN
LIT-D217AHP0M,IT,lab,cue,IN
LIT-D218AHP0M,IT,lab,cue,IN
LIT-D219AHP0M,IT,lab,cue,IN
LIT-D222AHP0M,IT,lab,cue,IN
LCL-C201BHP0,CL,lab,cue,LP
LCL-C202AHP0,CL,lab,cue,LP
LCL-C203AHP0,CL,lab,cue,LP
LCL-C204AHP0,CL,lab,cue,LP
LCL-C205AHP0,CL,lab,cue,LP
LCL-C209AHP0,CL,lab,cue,LP
LCL-C210BHP0,CL,lab,cue,LP
LCL-C211AHP0,CL,lab,cue,LP
LCL-C212AHP0,CL,lab,cue,LP
LCL-C213BHP0,CL,lab,cue,LP
LCL-C214AHP0,CL,lab,cue,LP
LCL-C215AHP0,CL,lab,cue,LP
LCL-C216BHP0,CL,lab,cue,LP
LCL-C217AHP0,CL,lab,cue,LP
LCL-C218BHP0,CL,lab,cue,LP
LCL-C219AHP0,CL,lab,cue,LP
LCL-C220BHP0,CL,lab,cue,LP
LCL-C222BHP0,CL,lab,cue,LP
LCL-C223AHP0,CL,lab,cue,LP
LCL-C224BHP0,CL,lab,cue,LP
LCL-C225AHP0,CL,lab,cue,LP
LTB-F202AAHPOM,TB,lab,cue,LP
LTB-F203AAHP0M,TB,lab,cue,LP
LTB-F207AAHP0M,TB,lab,cue,LP
LTB-F210AAHP0M,TB,lab,cue,LP
LTB-F215AAHP0M,TB,lab,cue,LP
LTB-F217AAHP0M,TB,lab,cue,LP
LTB-F218AAHP0M,TB,lab,cue,LP
LTB-F222AAHP0M,TB,lab,cue,LP
LTB-F234BAHP0M,TB,lab,cue,LP
LTB-F254AAHP0M,TB,lab,cue,LP
LTB-F256AAHP0M,TB,lab,cue,LP
LTB-F257AAHP0M,TB,lab,cue,LP
LTB-F262AAHP0M,TB,lab,cue,LP
LTL-C201AHP0,TL,lab,cue,LP
LTL-C202BHP0,TL,lab,cue,LP
LTL-C203AHP0,TL,lab,cue,LP
LTL-C208BHP0,TL,lab,cue,LP
LTL-C209BHP0,TL,lab,cue,LP
LTL-C211AHP0,TL,lab,cue,LP
LTL-C215AHP0,TL,lab,cue,LP
LTL-C216AHP0,TL,lab,cue,LP
LTL-C218AHP0,TL,lab,cue,LP
LTL-C219BHP0,TL,lab,cue,LP
LTL-C220AHP0,TL,lab,cue,LP
LTL-C221AHP0,TL,lab,cue,LP
LTL-C224AHP0,TL,lab,cue,LP
LTL-C225BHP0,TL,lab,cue,LP
LTL-C226AHP0,TL,lab,cue,LP