pop,Source,1,2,3,4,5,6,7,8,9,10,11,12,LP_1,LP_2,LP_3
GH,16.46649668,NA,NA,NA,NA,NA,NA,NA,NA,NA,NA,NA,NA,NA,NA,NA
GH,16.62100837,NA,NA,NA,NA,NA,NA,NA,NA,NA,NA,NA,NA,NA,NA,NA
GH,16.08423443,NA,NA,NA,NA,NA,NA,NA,NA,NA,NA,NA,NA,NA,NA,NA
GH,15.83747367,NA,NA,NA,NA,NA,NA,NA,NA,NA,NA,NA,NA,NA,NA,NA
GH,16.39979035,NA,NA,NA,NA,NA,NA,NA,NA,NA,NA,NA,NA,NA,NA,NA
GH,17.92931043,NA,NA,NA,NA,NA,NA,NA,NA,NA,NA,NA,NA,NA,NA,NA
GH,15.54081755,NA,NA,NA,NA,NA,NA,NA,NA,NA,NA,NA,NA,NA,NA,NA
GH,15.99233047,NA,NA,NA,NA,NA,NA,NA,NA,NA,NA,NA,NA,NA,NA,NA
GH,15.75864433,NA,NA,NA,NA,NA,NA,NA,NA,NA,NA,NA,NA,NA,NA,NA
GH,17.17151523,NA,NA,NA,NA,NA,NA,NA,NA,NA,NA,NA,NA,NA,NA,NA
GH,16.48106011,NA,NA,NA,NA,NA,NA,NA,NA,NA,NA,NA,NA,NA,NA,NA
GH,17.24742614,NA,NA,NA,NA,NA,NA,NA,NA,NA,NA,NA,NA,NA,NA,NA
GH,16.21032546,NA,NA,NA,NA,NA,NA,NA,NA,NA,NA,NA,NA,NA,NA,NA
GH,16.41065596,NA,NA,NA,NA,NA,NA,NA,NA,NA,NA,NA,NA,NA,NA,NA
GH,15.59815961,NA,NA,NA,NA,NA,NA,NA,NA,NA,NA,NA,NA,NA,NA,NA
GH,17.97084087,NA,NA,NA,NA,NA,NA,NA,NA,NA,NA,NA,NA,NA,NA,NA
GH,16.27853881,NA,NA,NA,NA,NA,NA,NA,NA,NA,NA,NA,NA,NA,NA,NA
GH,17.20656625,NA,NA,NA,NA,NA,NA,NA,NA,NA,NA,NA,NA,NA,NA,NA
GH,15.57407287,NA,NA,NA,NA,NA,NA,NA,NA,NA,NA,NA,NA,NA,NA,NA
GH,16.43580066,NA,NA,NA,NA,NA,NA,NA,NA,NA,NA,NA,NA,NA,NA,NA
GH,16.94783975,NA,NA,NA,NA,NA,NA,NA,NA,NA,NA,NA,NA,NA,NA,NA
GH,16.05187903,NA,NA,NA,NA,NA,NA,NA,NA,NA,NA,NA,NA,NA,NA,NA
GH,17.15463197,NA,NA,NA,NA,NA,NA,NA,NA,NA,NA,NA,NA,NA,NA,NA
GH,16.94006521,NA,NA,NA,NA,NA,NA,NA,NA,NA,NA,NA,NA,NA,NA,NA
GH,16.37007915,NA,NA,NA,NA,NA,NA,NA,NA,NA,NA,NA,NA,NA,NA,NA
GH,16.65613011,NA,NA,NA,NA,NA,NA,NA,NA,NA,NA,NA,NA,NA,NA,NA
GH,17.49507406,NA,NA,NA,NA,NA,NA,NA,NA,NA,NA,NA,NA,NA,NA,NA
GH,16.92805643,NA,NA,NA,NA,NA,NA,NA,NA,NA,NA,NA,NA,NA,NA,NA
GH,17.72014764,NA,NA,NA,NA,NA,NA,NA,NA,NA,NA,NA,NA,NA,NA,NA
GH,17.73849354,NA,NA,NA,NA,NA,NA,NA,NA,NA,NA,NA,NA,NA,NA,NA
GH,16.38664031,NA,NA,NA,NA,NA,NA,NA,NA,NA,NA,NA,NA,NA,NA,NA
GH,18.65830163,NA,NA,NA,NA,NA,NA,NA,NA,NA,NA,NA,NA,NA,NA,NA
GH,16.10813383,NA,NA,NA,NA,NA,NA,NA,NA,NA,NA,NA,NA,NA,NA,NA
GH,18.9165883,NA,NA,NA,NA,NA,NA,NA,NA,NA,NA,NA,NA,NA,NA,NA
GH,16.20994976,NA,NA,NA,NA,NA,NA,NA,NA,NA,NA,NA,NA,NA,NA,NA
GH,17.76830436,NA,NA,NA,NA,NA,NA,NA,NA,NA,NA,NA,NA,NA,NA,NA
GH,16.2480062,NA,NA,NA,NA,NA,NA,NA,NA,NA,NA,NA,NA,NA,NA,NA
GH,17.75156558,NA,NA,NA,NA,NA,NA,NA,NA,NA,NA,NA,NA,NA,NA,NA
GH,15.74915177,NA,NA,NA,NA,NA,NA,NA,NA,NA,NA,NA,NA,NA,NA,NA
GH,17.66439519,NA,NA,NA,NA,NA,NA,NA,NA,NA,NA,NA,NA,NA,NA,NA
GH,16.73918726,NA,NA,NA,NA,NA,NA,NA,NA,NA,NA,NA,NA,NA,NA,NA
GH,17.21851736,NA,NA,NA,NA,NA,NA,NA,NA,NA,NA,NA,NA,NA,NA,NA
GH,15.86609994,NA,NA,NA,NA,NA,NA,NA,NA,NA,NA,NA,NA,NA,NA,NA
GH,17.95456415,NA,NA,NA,NA,NA,NA,NA,NA,NA,NA,NA,NA,NA,NA,NA
GH,18.39713471,NA,NA,NA,NA,NA,NA,NA,NA,NA,NA,NA,NA,NA,NA,NA
GH,17.53593506,NA,NA,NA,NA,NA,NA,NA,NA,NA,NA,NA,NA,NA,NA,NA
GH,17.01065206,NA,NA,NA,NA,NA,NA,NA,NA,NA,NA,NA,NA,NA,NA,NA
GH,16.8420518,NA,NA,NA,NA,NA,NA,NA,NA,NA,NA,NA,NA,NA,NA,NA
GH,16.56204344,NA,NA,NA,NA,NA,NA,NA,NA,NA,NA,NA,NA,NA,NA,NA
GH,17.26119938,NA,NA,NA,NA,NA,NA,NA,NA,NA,NA,NA,NA,NA,NA,NA
GH,17.13926499,NA,NA,NA,NA,NA,NA,NA,NA,NA,NA,NA,NA,NA,NA,NA
GH,21.1691643,NA,NA,NA,NA,NA,NA,NA,NA,NA,NA,NA,NA,NA,NA,NA
GH,17.33726013,NA,NA,NA,NA,NA,NA,NA,NA,NA,NA,NA,NA,NA,NA,NA
GH,17.88757953,NA,NA,NA,NA,NA,NA,NA,NA,NA,NA,NA,NA,NA,NA,NA
GH,17.49089247,NA,NA,NA,NA,NA,NA,NA,NA,NA,NA,NA,NA,NA,NA,NA
GH,17.22046649,NA,NA,NA,NA,NA,NA,NA,NA,NA,NA,NA,NA,NA,NA,NA
GH,15.90587575,NA,NA,NA,NA,NA,NA,NA,NA,NA,NA,NA,NA,NA,NA,NA
GH,18.07886555,NA,NA,NA,NA,NA,NA,NA,NA,NA,NA,NA,NA,NA,NA,NA
GH,16.03940039,NA,NA,NA,NA,NA,NA,NA,NA,NA,NA,NA,NA,NA,NA,NA
GH,17.29922364,NA,NA,NA,NA,NA,NA,NA,NA,NA,NA,NA,NA,NA,NA,NA
GH,16.69645756,NA,NA,NA,NA,NA,NA,NA,NA,NA,NA,NA,NA,NA,NA,NA
GH,16.8560238,NA,NA,NA,NA,NA,NA,NA,NA,NA,NA,NA,NA,NA,NA,NA
GH,18.66882686,NA,NA,NA,NA,NA,NA,NA,NA,NA,NA,NA,NA,NA,NA,NA
GH,17.3683431,NA,NA,NA,NA,NA,NA,NA,NA,NA,NA,NA,NA,NA,NA,NA
GH,17.46232281,NA,NA,NA,NA,NA,NA,NA,NA,NA,NA,NA,NA,NA,NA,NA
GH,16.65157733,NA,NA,NA,NA,NA,NA,NA,NA,NA,NA,NA,NA,NA,NA,NA
GH,16.6532515,NA,NA,NA,NA,NA,NA,NA,NA,NA,NA,NA,NA,NA,NA,NA
LL,NA,NA,NA,22.58881602,22.58881602,22.58881602,NA,NA,NA,NA,NA,NA,NA,NA,NA,NA
LL,NA,NA,NA,21.64404882,21.64404882,21.64404882,NA,NA,NA,NA,NA,NA,NA,NA,NA,NA
LL,NA,NA,NA,NA,NA,NA,NA,NA,20.41962296,20.41962296,20.41962296,20.41962296,20.41962296,NA,NA,NA
LL,NA,NA,NA,20.45683949,20.45683949,NA,NA,NA,NA,NA,NA,NA,NA,NA,NA,NA
LL,NA,NA,NA,20.37780912,20.37780912,20.37780912,20.37780912,20.37780912,20.37780912,NA,NA,NA,NA,NA,NA,NA
LL,NA,NA,NA,19.34158876,19.34158876,NA,NA,NA,NA,NA,NA,NA,NA,NA,NA,NA
LL,NA,NA,NA,19.83861466,19.83861466,19.83861466,19.83861466,19.83861466,NA,NA,NA,NA,NA,NA,NA,NA
LL,NA,NA,NA,19.20582914,19.20582914,NA,NA,NA,NA,NA,NA,NA,NA,NA,NA,NA
LL,NA,NA,NA,19.82987856,19.82987856,NA,NA,NA,NA,NA,NA,NA,NA,NA,NA,NA
LL,NA,NA,NA,19.09675381,19.09675381,NA,NA,NA,NA,NA,NA,NA,NA,NA,NA,NA
LL,NA,NA,NA,18.62925176,18.62925176,18.62925176,18.62925176,NA,NA,NA,NA,NA,NA,NA,NA,NA
LL,NA,NA,NA,19.39527341,19.39527341,NA,NA,NA,NA,NA,NA,NA,NA,NA,NA,NA
LL,NA,NA,NA,18.39612395,18.39612395,18.39612395,18.39612395,18.39612395,18.39612395,18.39612395,18.39612395,NA,NA,NA,NA,NA
LL,NA,NA,NA,20.4848163,20.4848163,20.4848163,20.4848163,20.4848163,20.4848163,20.4848163,20.4848163,NA,NA,NA,NA,NA
LL,NA,NA,NA,21.73916649,21.73916649,21.73916649,21.73916649,NA,NA,NA,NA,NA,NA,NA,NA,NA
LL,NA,NA,NA,20.35080717,20.35080717,20.35080717,20.35080717,NA,NA,NA,NA,NA,NA,NA,NA,NA
LL,NA,NA,NA,20.48001094,20.48001094,NA,NA,NA,NA,NA,NA,NA,NA,NA,NA,NA
LL,NA,NA,NA,18.94698861,18.94698861,18.94698861,18.94698861,18.94698861,18.94698861,18.94698861,18.94698861,18.94698861,18.94698861,NA,NA,NA
LL,NA,NA,NA,20.17313204,20.17313204,20.17313204,20.17313204,20.17313204,20.17313204,NA,NA,NA,NA,NA,NA,NA
LL,NA,NA,NA,20.38228263,20.38228263,20.38228263,20.38228263,20.38228263,NA,NA,NA,NA,NA,NA,NA,NA
LL,NA,NA,NA,20.19667094,20.19667094,20.19667094,NA,NA,NA,NA,NA,NA,NA,NA,NA,NA
LL,NA,NA,NA,20.79881957,NA,NA,NA,NA,NA,NA,NA,NA,NA,NA,NA,NA
LL,NA,NA,NA,20.98284243,20.98284243,20.98284243,20.98284243,20.98284243,20.98284243,20.98284243,20.98284243,20.98284243,20.98284243,NA,NA,NA
LL,NA,NA,NA,NA,NA,NA,NA,NA,NA,NA,NA,NA,NA,NA,NA,NA
LL,NA,NA,NA,NA,20.77829355,20.77829355,20.77829355,20.77829355,20.77829355,20.77829355,NA,NA,NA,NA,NA,NA
LL,NA,NA,NA,NA,18.56820861,18.56820861,18.56820861,18.56820861,18.56820861,18.56820861,18.56820861,18.56820861,18.56820861,NA,NA,NA
LL,NA,NA,NA,NA,19.58740499,NA,NA,NA,NA,NA,NA,NA,NA,NA,NA,NA
LL,NA,NA,NA,NA,NA,NA,NA,NA,NA,NA,NA,NA,NA,NA,NA,NA
LL,NA,NA,NA,NA,NA,NA,NA,NA,NA,NA,NA,NA,NA,NA,NA,NA
LL,NA,20.42463535,20.42463535,20.42463535,20.42463535,20.42463535,NA,NA,NA,NA,NA,NA,NA,NA,NA,NA
LL,NA,NA,NA,NA,NA,NA,NA,NA,NA,NA,NA,NA,NA,NA,NA,NA
LL,NA,NA,NA,NA,NA,NA,NA,NA,NA,NA,NA,NA,NA,NA,NA,NA
LL,NA,NA,NA,NA,NA,NA,NA,NA,NA,NA,NA,NA,NA,NA,NA,NA
LL,NA,NA,NA,NA,NA,18.54169871,NA,NA,NA,NA,NA,NA,NA,NA,NA,NA
LL,NA,NA,NA,NA,18.97854722,NA,NA,NA,NA,NA,NA,NA,NA,NA,NA,NA
LL,NA,NA,NA,NA,20.91804929,20.91804929,20.91804929,20.91804929,20.91804929,20.91804929,20.91804929,20.91804929,20.91804929,NA,NA,NA
LL,NA,NA,NA,NA,18.77099197,18.77099197,18.77099197,18.77099197,18.77099197,18.77099197,18.77099197,18.77099197,NA,NA,NA,NA
LL,NA,NA,NA,NA,19.82060293,NA,NA,NA,NA,NA,NA,NA,NA,NA,NA,NA
LL,NA,NA,NA,NA,21.33884247,NA,NA,NA,NA,NA,NA,NA,NA,NA,NA,NA
LL,NA,NA,NA,NA,20.04901984,20.04901984,20.04901984,NA,NA,NA,NA,NA,NA,NA,NA,NA
LL,NA,NA,NA,NA,19.3436469,NA,NA,NA,NA,NA,NA,NA,NA,NA,NA,NA
LL,NA,NA,NA,NA,19.05788203,19.05788203,19.05788203,19.05788203,19.05788203,NA,NA,NA,NA,NA,NA,NA
LL,NA,NA,NA,NA,NA,19.89664696,19.89664696,19.89664696,19.89664696,19.89664696,19.89664696,NA,NA,NA,NA,NA
LL,NA,NA,NA,NA,19.81196878,19.81196878,19.81196878,19.81196878,NA,NA,NA,NA,NA,NA,NA,NA
LL,NA,NA,NA,NA,19.21439515,19.21439515,19.21439515,19.21439515,19.21439515,NA,NA,NA,NA,NA,NA,NA
LL,NA,NA,NA,NA,NA,NA,20.19943147,NA,NA,NA,NA,NA,NA,NA,NA,NA
LL,NA,NA,NA,NA,18.86110745,NA,NA,NA,NA,NA,NA,NA,NA,NA,NA,NA
LL,NA,NA,NA,NA,NA,NA,20.14602346,NA,NA,NA,NA,NA,NA,NA,NA,NA
LL,NA,NA,NA,NA,17.50925986,NA,NA,NA,NA,NA,NA,NA,NA,NA,NA,NA
LL,NA,NA,NA,NA,NA,18.94074872,NA,NA,NA,NA,NA,NA,NA,NA,NA,NA
LL,NA,NA,NA,NA,17.30962355,17.30962355,17.30962355,17.30962355,17.30962355,17.30962355,17.30962355,17.30962355,17.30962355,NA,NA,NA
LL,NA,NA,NA,NA,17.68804957,NA,NA,NA,NA,NA,NA,NA,NA,NA,NA,NA
LL,NA,NA,NA,NA,NA,18.40346064,18.40346064,18.40346064,18.40346064,18.40346064,18.40346064,18.40346064,NA,NA,NA,NA
LL,NA,NA,NA,NA,19.48111002,NA,NA,NA,NA,NA,NA,NA,NA,NA,NA,NA
LL,NA,NA,NA,NA,18.78055025,18.78055025,18.78055025,18.78055025,18.78055025,18.78055025,NA,NA,NA,NA,NA,NA
LL,NA,NA,NA,NA,NA,20.23845972,20.23845972,20.23845972,20.23845972,20.23845972,20.23845972,NA,NA,NA,NA,NA
LL,NA,NA,NA,NA,19.89578311,19.89578311,19.89578311,19.89578311,19.89578311,19.89578311,19.89578311,19.89578311,19.89578311,NA,NA,NA
LL,NA,NA,NA,NA,18.89468379,NA,NA,NA,NA,NA,NA,NA,NA,NA,NA,NA
LL,NA,NA,NA,NA,20.36260028,20.36260028,20.36260028,20.36260028,20.36260028,20.36260028,NA,NA,NA,NA,NA,NA
LL,NA,NA,NA,NA,21.1840597,21.1840597,21.1840597,NA,NA,NA,NA,NA,NA,NA,NA,NA
LL,NA,NA,NA,NA,NA,20.02199545,20.02199545,20.02199545,20.02199545,20.02199545,20.02199545,20.02199545,20.02199545,NA,NA,NA
LL,NA,NA,NA,NA,NA,NA,20.29031884,20.29031884,NA,NA,NA,NA,NA,NA,NA,NA
LL,NA,NA,NA,NA,NA,NA,NA,NA,NA,NA,21.48756825,21.48756825,21.48756825,NA,NA,NA
LL,NA,NA,NA,NA,NA,19.59997134,19.59997134,NA,NA,NA,NA,NA,NA,NA,NA,NA
LL,NA,NA,NA,NA,NA,20.58541314,20.58541314,NA,NA,NA,NA,NA,NA,NA,NA,NA
LL,NA,NA,NA,NA,NA,NA,19.77020537,19.77020537,19.77020537,19.77020537,19.77020537,NA,NA,NA,NA,NA
LL,NA,NA,NA,NA,NA,NA,NA,NA,20.6777487,20.6777487,20.6777487,20.6777487,20.6777487,NA,NA,NA
LL,NA,NA,NA,NA,NA,18.1739692,18.1739692,18.1739692,18.1739692,18.1739692,18.1739692,18.1739692,18.1739692,NA,NA,NA
LL,NA,NA,NA,NA,NA,NA,NA,NA,20.54533853,20.54533853,20.54533853,20.54533853,20.54533853,NA,NA,NA
LL,NA,NA,NA,NA,NA,NA,NA,NA,NA,18.66000078,NA,NA,NA,NA,NA,NA
LL,NA,NA,NA,NA,NA,19.31426204,19.31426204,NA,NA,NA,NA,NA,NA,NA,NA,NA
LL,NA,NA,NA,NA,NA,NA,19.37962658,NA,NA,NA,NA,NA,NA,NA,NA,NA
LL,NA,NA,NA,NA,NA,NA,19.1445494,19.1445494,19.1445494,19.1445494,19.1445494,19.1445494,19.1445494,NA,NA,NA
LL,NA,NA,NA,NA,NA,18.36104454,NA,NA,NA,NA,NA,NA,NA,NA,NA,NA
LL,NA,NA,NA,NA,NA,NA,NA,NA,NA,17.39184599,17.39184599,17.39184599,NA,NA,NA,NA
LL,NA,NA,NA,NA,NA,NA,19.72591857,NA,NA,NA,NA,NA,NA,NA,NA,NA
LL,NA,NA,NA,NA,NA,NA,NA,21.11122691,21.11122691,NA,NA,NA,NA,NA,NA,NA
LL,NA,NA,NA,NA,NA,NA,NA,20.14728503,20.14728503,NA,NA,NA,NA,NA,NA,NA
LL,NA,NA,NA,NA,NA,NA,20.67669911,NA,NA,NA,NA,NA,NA,NA,NA,NA
LL,NA,NA,NA,NA,NA,NA,NA,NA,NA,NA,NA,NA,NA,NA,NA,NA
LL,NA,NA,NA,NA,NA,NA,NA,NA,NA,NA,NA,NA,NA,NA,NA,NA
LL,NA,NA,NA,NA,NA,NA,NA,NA,NA,NA,NA,NA,NA,NA,NA,NA
LL,NA,NA,NA,NA,NA,NA,NA,NA,NA,NA,NA,NA,NA,NA,NA,NA
LL,NA,NA,NA,NA,NA,NA,NA,NA,19.18698132,NA,NA,NA,NA,NA,NA,NA
LL,NA,NA,NA,NA,NA,NA,NA,NA,NA,NA,20.30795605,20.30795605,20.30795605,NA,NA,NA
LL,NA,NA,NA,NA,NA,NA,NA,NA,20.12383868,NA,NA,NA,NA,NA,NA,NA
LL,NA,NA,NA,NA,NA,NA,NA,NA,18.99286501,18.99286501,18.99286501,NA,NA,NA,NA,NA
LL,NA,NA,NA,NA,NA,NA,NA,NA,19.23959198,19.23959198,19.23959198,19.23959198,19.23959198,NA,NA,NA
LL,NA,NA,NA,NA,NA,NA,NA,22.58547333,22.58547333,22.58547333,22.58547333,22.58547333,NA,NA,NA,NA
LL,NA,NA,NA,NA,NA,NA,NA,NA,21.53427971,21.53427971,21.53427971,NA,NA,NA,NA,NA
LL,NA,NA,NA,NA,NA,NA,NA,NA,NA,NA,19.4639007,NA,NA,NA,NA,NA
LL,NA,NA,NA,NA,NA,NA,NA,21.43004825,21.43004825,NA,NA,NA,NA,NA,NA,NA
LL,NA,NA,NA,NA,NA,NA,NA,NA,18.65256551,18.65256551,18.65256551,NA,NA,NA,NA,NA
LL,NA,NA,NA,NA,NA,NA,NA,NA,18.30356986,NA,NA,NA,NA,NA,NA,NA
LL,NA,NA,NA,NA,NA,NA,NA,NA,18.62006667,NA,NA,NA,NA,NA,NA,NA
LL,NA,NA,NA,NA,NA,NA,NA,NA,NA,20.05058235,20.05058235,NA,NA,NA,NA,NA
LL,NA,NA,NA,NA,NA,NA,NA,NA,20.26860761,20.26860761,20.26860761,20.26860761,20.26860761,NA,NA,NA
LL,NA,NA,NA,NA,NA,NA,NA,NA,18.16309651,18.16309651,18.16309651,18.16309651,NA,NA,NA,NA
LL,NA,20.04313602,20.04313602,NA,NA,NA,NA,NA,NA,NA,NA,NA,NA,NA,NA,NA
LL,NA,NA,NA,NA,NA,NA,NA,NA,NA,19.24560073,19.24560073,NA,NA,NA,NA,NA
LL,NA,NA,NA,NA,NA,NA,NA,NA,NA,19.66318152,19.66318152,19.66318152,NA,NA,NA,NA
LL,NA,NA,NA,NA,NA,NA,NA,NA,NA,NA,19.08087845,NA,NA,NA,NA,NA
LL,NA,NA,NA,NA,NA,NA,NA,NA,NA,NA,NA,20.9591736,20.9591736,NA,NA,NA
LL,NA,NA,NA,NA,NA,NA,NA,NA,NA,20.65850502,20.65850502,20.65850502,20.65850502,NA,NA,NA
LL,NA,NA,NA,NA,NA,NA,NA,NA,NA,20.07426195,20.07426195,20.07426195,20.07426195,NA,NA,NA
LL,NA,NA,NA,NA,NA,NA,18.82253972,18.82253972,18.82253972,NA,NA,NA,NA,NA,NA,NA
LL,NA,NA,NA,NA,NA,NA,NA,NA,NA,NA,19.70674665,19.70674665,19.70674665,NA,NA,NA
LL,NA,NA,NA,NA,NA,NA,NA,NA,NA,NA,NA,NA,NA,NA,NA,NA
LL,NA,NA,NA,NA,NA,NA,NA,NA,NA,NA,NA,NA,NA,NA,NA,NA
LL,NA,NA,NA,NA,NA,NA,NA,NA,NA,NA,NA,20.72190122,20.72190122,NA,NA,NA
LL,NA,NA,NA,NA,NA,NA,NA,NA,NA,NA,NA,18.55986519,18.55986519,NA,NA,NA
LL,NA,NA,NA,NA,NA,NA,NA,NA,NA,NA,20.47212426,20.47212426,20.47212426,NA,NA,NA
LL,NA,NA,NA,NA,NA,NA,NA,NA,NA,NA,NA,NA,NA,NA,NA,NA
LL,NA,NA,NA,NA,NA,NA,NA,NA,NA,NA,NA,NA,19.44841434,NA,NA,NA
LL,NA,NA,NA,NA,NA,NA,NA,NA,NA,NA,NA,NA,NA,NA,NA,NA
LL,NA,20.87078008,20.87078008,20.87078008,20.87078008,NA,NA,NA,NA,NA,NA,NA,NA,NA,NA,NA
LL,NA,19.7505819,19.7505819,19.7505819,19.7505819,NA,NA,NA,NA,NA,NA,NA,NA,NA,NA,NA
LL,NA,NA,NA,NA,NA,NA,NA,NA,NA,NA,NA,NA,20.65919748,NA,NA,NA
LL,NA,NA,NA,NA,NA,NA,NA,NA,NA,NA,17.33466911,17.33466911,17.33466911,NA,NA,NA
LL,NA,NA,NA,NA,NA,NA,NA,NA,19.95713027,19.95713027,NA,NA,NA,NA,NA,NA
LL,NA,NA,NA,NA,NA,NA,NA,NA,NA,NA,18.81001739,NA,NA,NA,NA,NA
LL,NA,NA,NA,NA,NA,NA,NA,NA,NA,NA,NA,NA,NA,NA,NA,NA
LL,NA,NA,NA,NA,NA,NA,NA,NA,NA,NA,NA,18.68361313,NA,NA,NA,NA
LL,NA,NA,NA,NA,NA,NA,NA,NA,NA,NA,NA,21.15768329,21.15768329,NA,NA,NA
LL,NA,NA,NA,NA,NA,NA,NA,NA,NA,NA,NA,NA,NA,NA,NA,NA
LL,NA,NA,NA,NA,NA,NA,NA,NA,NA,NA,20.98376365,20.98376365,20.98376365,NA,NA,NA
LL,NA,NA,NA,NA,NA,NA,NA,NA,NA,NA,19.26754527,NA,NA,NA,NA,NA
LL,NA,NA,NA,NA,NA,NA,NA,NA,NA,NA,NA,20.5960264,20.5960264,NA,NA,NA
LL,NA,NA,NA,NA,NA,NA,NA,NA,NA,19.43499771,19.43499771,NA,NA,NA,NA,NA
LL,NA,NA,NA,NA,NA,NA,NA,NA,NA,NA,20.04148472,20.04148472,20.04148472,NA,NA,NA
LL,NA,NA,NA,NA,NA,NA,NA,NA,NA,NA,NA,NA,21.21792356,NA,NA,NA
LL,NA,NA,NA,NA,NA,NA,NA,NA,19.55790978,19.55790978,NA,NA,NA,NA,NA,NA
LL,NA,NA,NA,NA,NA,NA,NA,NA,NA,NA,20.17641958,20.17641958,20.17641958,NA,NA,NA
LL,NA,NA,NA,NA,NA,NA,NA,NA,NA,NA,NA,NA,NA,NA,NA,NA
LL,NA,NA,NA,NA,NA,NA,NA,NA,NA,19.07917932,19.07917932,NA,NA,NA,NA,NA
LL,NA,NA,NA,NA,NA,NA,NA,NA,NA,NA,20.01339754,20.01339754,20.01339754,NA,NA,NA
LL,NA,NA,NA,NA,NA,NA,NA,NA,NA,NA,19.29248412,19.29248412,NA,NA,NA,NA
LL,NA,NA,NA,NA,NA,NA,NA,NA,NA,NA,NA,20.88080186,NA,NA,NA,NA
LL,NA,NA,NA,NA,NA,NA,NA,NA,NA,NA,NA,NA,NA,NA,NA,NA
LL,NA,NA,NA,NA,NA,NA,NA,NA,NA,NA,20.52536325,20.52536325,NA,NA,NA,NA
LL,NA,NA,NA,NA,NA,NA,NA,NA,NA,NA,NA,NA,NA,NA,NA,NA
LL,NA,NA,NA,NA,NA,NA,NA,NA,NA,NA,NA,20.7771466,20.7771466,NA,NA,NA
LL,NA,NA,NA,NA,NA,NA,NA,NA,NA,NA,21.23776574,21.23776574,21.23776574,NA,NA,NA
LL,NA,NA,NA,NA,NA,NA,NA,21.4961242,21.4961242,21.4961242,NA,NA,NA,NA,NA,NA
LL,NA,NA,NA,NA,NA,NA,NA,NA,19.07319707,19.07319707,NA,NA,NA,NA,NA,NA
LL,NA,NA,NA,NA,NA,NA,NA,NA,NA,NA,NA,NA,NA,NA,NA,NA
LL,NA,NA,NA,NA,NA,NA,NA,NA,NA,NA,NA,NA,NA,NA,NA,NA
LL,NA,NA,NA,NA,NA,NA,NA,NA,NA,NA,NA,NA,NA,NA,NA,NA
LL,NA,NA,NA,NA,NA,NA,NA,NA,NA,NA,NA,NA,NA,NA,NA,NA
LL,NA,20.09146362,20.09146362,20.09146362,20.09146362,20.09146362,20.09146362,20.09146362,20.09146362,20.09146362,20.09146362,NA,NA,NA,NA,NA
LL,NA,NA,NA,NA,NA,NA,NA,NA,NA,NA,NA,18.24833599,18.24833599,NA,NA,NA
LL,NA,NA,NA,NA,NA,NA,NA,NA,NA,NA,NA,20.11732456,20.11732456,NA,NA,NA
LL,NA,NA,NA,NA,NA,NA,NA,NA,NA,NA,21.64384812,NA,NA,NA,NA,NA
LL,NA,NA,NA,NA,NA,NA,NA,19.4038374,19.4038374,19.4038374,19.4038374,19.4038374,19.4038374,NA,NA,NA
LL,NA,NA,NA,NA,NA,NA,NA,NA,NA,NA,NA,NA,NA,NA,NA,NA
LL,NA,NA,NA,NA,NA,NA,NA,18.52196495,NA,NA,NA,NA,NA,NA,NA,NA
LL,NA,NA,NA,NA,NA,NA,NA,NA,NA,NA,NA,NA,19.28594732,NA,NA,NA
LL,NA,NA,NA,NA,NA,NA,NA,NA,NA,19.67568022,19.67568022,19.67568022,NA,NA,NA,NA
LL,NA,NA,NA,NA,NA,NA,NA,NA,18.76470238,NA,NA,NA,NA,NA,NA,NA
LL,NA,NA,NA,NA,NA,NA,NA,NA,19.47002496,19.47002496,NA,NA,NA,NA,NA,NA
LL,NA,NA,NA,NA,NA,NA,NA,NA,NA,20.10626635,20.10626635,20.10626635,NA,NA,NA,NA
LL,NA,NA,NA,NA,NA,NA,NA,19.89049542,NA,NA,NA,NA,NA,NA,NA,NA
LL,NA,NA,NA,NA,NA,NA,NA,NA,18.0309992,NA,NA,NA,NA,NA,NA,NA
LL,NA,NA,NA,NA,18.8636256,18.8636256,NA,NA,NA,NA,NA,NA,NA,NA,NA,NA
LL,NA,NA,NA,NA,NA,NA,NA,NA,17.89613004,17.89613004,17.89613004,17.89613004,17.89613004,NA,NA,NA
LL,NA,NA,NA,NA,NA,NA,NA,NA,21.50527371,21.50527371,21.50527371,21.50527371,NA,NA,NA,NA
LL,NA,NA,NA,NA,NA,NA,NA,21.53241373,NA,NA,NA,NA,NA,NA,NA,NA
LL,NA,NA,NA,NA,NA,NA,NA,NA,20.37744697,20.37744697,NA,NA,NA,NA,NA,NA
LL,NA,NA,NA,NA,NA,NA,NA,NA,NA,NA,NA,NA,NA,NA,NA,NA
LL,NA,NA,NA,NA,NA,NA,NA,NA,18.4106564,18.4106564,NA,NA,NA,NA,NA,NA
LL,NA,NA,NA,NA,NA,NA,NA,NA,20.02889961,20.02889961,20.02889961,20.02889961,20.02889961,NA,NA,NA
LL,NA,NA,NA,NA,NA,NA,NA,NA,NA,NA,NA,NA,NA,NA,NA,NA
LL,NA,NA,NA,NA,NA,NA,NA,NA,19.13956041,19.13956041,19.13956041,19.13956041,19.13956041,NA,NA,NA
LL,NA,NA,NA,NA,NA,NA,NA,20.59463901,20.59463901,20.59463901,20.59463901,20.59463901,20.59463901,NA,NA,NA
LL,NA,NA,NA,NA,NA,NA,NA,NA,NA,NA,NA,NA,21.51144726,NA,NA,NA
LL,NA,NA,NA,NA,NA,NA,NA,NA,NA,NA,18.20730044,18.20730044,18.20730044,NA,NA,NA
LL,NA,NA,NA,NA,NA,NA,NA,NA,NA,NA,19.34338044,19.34338044,19.34338044,NA,NA,NA
LL,NA,NA,NA,NA,NA,NA,NA,NA,NA,NA,21.37494035,21.37494035,21.37494035,NA,NA,NA
LL,NA,NA,NA,NA,NA,NA,NA,NA,NA,NA,19.86438037,19.86438037,19.86438037,NA,NA,NA
LL,NA,NA,NA,NA,NA,NA,NA,NA,NA,NA,NA,NA,20.83349893,NA,NA,NA
LL,NA,NA,NA,NA,NA,NA,NA,NA,NA,NA,NA,NA,19.79691316,NA,NA,NA
LL,NA,NA,NA,NA,NA,NA,NA,NA,NA,NA,21.36220752,21.36220752,21.36220752,NA,NA,NA
LL,NA,NA,NA,NA,NA,NA,NA,NA,NA,NA,NA,NA,NA,NA,NA,NA
LL,NA,NA,NA,NA,NA,NA,NA,NA,NA,NA,NA,NA,NA,NA,NA,NA
LL,NA,NA,NA,NA,NA,NA,NA,NA,NA,NA,NA,NA,NA,NA,NA,NA
LL,NA,NA,NA,NA,NA,NA,NA,NA,NA,NA,NA,NA,19.65132342,NA,NA,NA
LL,NA,NA,NA,NA,NA,NA,NA,NA,NA,NA,NA,NA,NA,NA,NA,NA
LL,NA,NA,NA,NA,NA,NA,NA,NA,NA,NA,NA,NA,NA,NA,NA,NA
LL,NA,NA,NA,NA,NA,NA,NA,NA,NA,NA,NA,NA,NA,NA,NA,NA
LL,NA,NA,NA,NA,NA,NA,NA,NA,NA,NA,NA,NA,19.64158474,NA,NA,NA
LL,NA,NA,NA,NA,NA,NA,NA,NA,NA,NA,NA,NA,21.80548218,NA,NA,NA
LL,NA,NA,NA,NA,NA,NA,NA,NA,NA,NA,NA,NA,NA,NA,NA,NA
LL,NA,NA,NA,NA,NA,NA,NA,NA,NA,NA,NA,NA,NA,NA,NA,NA
LL,NA,NA,NA,NA,NA,NA,NA,NA,NA,NA,NA,NA,19.31057399,NA,NA,NA
LL,NA,NA,NA,NA,NA,NA,NA,NA,NA,NA,NA,NA,NA,NA,NA,NA
LL,NA,NA,NA,NA,NA,NA,NA,NA,NA,NA,NA,NA,NA,NA,NA,NA
LL,NA,NA,NA,NA,NA,NA,NA,NA,NA,NA,NA,NA,NA,NA,NA,NA
LL,NA,NA,NA,NA,NA,NA,NA,NA,NA,NA,NA,NA,NA,NA,NA,NA
LL,NA,NA,NA,NA,NA,NA,NA,NA,NA,NA,19.35494544,NA,NA,NA,NA,NA
LL,NA,NA,NA,NA,NA,NA,NA,NA,NA,NA,NA,NA,NA,NA,NA,NA
LL,NA,NA,NA,NA,NA,NA,NA,NA,NA,NA,19.94294126,NA,NA,NA,NA,NA
LL,NA,NA,NA,NA,NA,NA,NA,NA,NA,NA,NA,NA,NA,NA,NA,NA
LL,NA,NA,NA,NA,NA,NA,NA,NA,NA,17.57431533,17.57431533,NA,NA,NA,NA,NA
LL,NA,NA,NA,NA,NA,NA,NA,NA,NA,NA,NA,NA,NA,NA,NA,NA
LL,NA,NA,NA,NA,NA,NA,NA,NA,NA,NA,NA,NA,NA,NA,NA,NA
LL,NA,NA,NA,NA,NA,NA,NA,NA,NA,NA,NA,20.23812101,20.23812101,NA,NA,NA
UL,NA,NA,NA,NA,NA,NA,NA,NA,19.1022653,19.1022653,19.1022653,19.1022653,19.1022653,NA,NA,NA
UL,NA,NA,NA,NA,NA,NA,NA,NA,NA,NA,NA,NA,NA,NA,NA,NA
UL,NA,NA,NA,NA,NA,NA,NA,NA,NA,NA,NA,NA,NA,NA,NA,NA
UL,NA,21.01536381,21.01536381,21.01536381,21.01536381,NA,NA,NA,NA,NA,NA,NA,NA,NA,NA,NA
UL,NA,21.28882646,21.28882646,21.28882646,NA,NA,NA,NA,NA,NA,NA,NA,NA,NA,NA,NA
UL,NA,NA,NA,22.01168201,22.01168201,NA,NA,NA,NA,NA,NA,NA,NA,NA,NA,NA
UL,NA,NA,NA,22.08181799,22.08181799,22.08181799,22.08181799,22.08181799,NA,NA,NA,NA,NA,NA,NA,NA
UL,NA,NA,NA,21.74234603,21.74234603,NA,NA,NA,NA,NA,NA,NA,NA,NA,NA,NA
UL,NA,NA,NA,20.65174205,NA,NA,NA,NA,NA,NA,NA,NA,NA,NA,NA,NA
UL,NA,22.4777246,22.4777246,NA,NA,NA,NA,NA,NA,NA,NA,NA,NA,NA,NA,NA
UL,NA,NA,NA,NA,21.48228121,21.48228121,21.48228121,21.48228121,21.48228121,21.48228121,21.48228121,21.48228121,21.48228121,NA,NA,NA
UL,NA,NA,NA,20.69136601,20.69136601,NA,NA,NA,NA,NA,NA,NA,NA,NA,NA,NA
UL,NA,20.92013095,20.92013095,20.92013095,20.92013095,20.92013095,20.92013095,NA,NA,NA,NA,NA,NA,NA,NA,NA
UL,NA,NA,NA,20.66567452,20.66567452,20.66567452,NA,NA,NA,NA,NA,NA,NA,NA,NA,NA
UL,NA,NA,NA,NA,NA,NA,NA,NA,NA,NA,NA,NA,NA,NA,NA,NA
UL,NA,21.58618352,21.58618352,NA,NA,NA,NA,NA,NA,NA,NA,NA,NA,NA,NA,NA
UL,NA,21.69421579,21.69421579,NA,NA,NA,NA,NA,NA,NA,NA,NA,NA,NA,NA,NA
UL,NA,NA,NA,NA,NA,NA,NA,NA,NA,NA,NA,NA,NA,NA,NA,NA
UL,NA,NA,NA,21.72404948,21.72404948,NA,NA,NA,NA,NA,NA,NA,NA,NA,NA,NA
UL,NA,NA,19.32942916,NA,NA,NA,NA,NA,NA,NA,NA,NA,NA,NA,NA,NA
UL,NA,18.99917814,18.99917814,NA,NA,NA,NA,NA,NA,NA,NA,NA,NA,NA,NA,NA
UL,NA,NA,NA,NA,NA,NA,NA,NA,NA,NA,NA,NA,NA,NA,NA,NA
UL,NA,NA,NA,NA,NA,NA,NA,NA,NA,NA,NA,NA,NA,NA,NA,NA
UL,NA,NA,NA,21.25045972,21.25045972,NA,NA,NA,NA,NA,NA,NA,NA,NA,NA,NA
UL,NA,NA,NA,NA,NA,NA,NA,NA,NA,NA,NA,NA,NA,NA,NA,NA
UL,NA,NA,NA,NA,NA,NA,NA,NA,NA,NA,NA,NA,NA,NA,NA,NA
UL,NA,19.67099819,19.67099819,19.67099819,NA,NA,NA,NA,NA,NA,NA,NA,NA,NA,NA,NA
UL,NA,NA,NA,20.2104571,20.2104571,20.2104571,20.2104571,NA,NA,NA,NA,NA,NA,NA,NA,NA
UL,NA,NA,NA,21.12536228,21.12536228,NA,NA,NA,NA,NA,NA,NA,NA,NA,NA,NA
UL,NA,NA,NA,19.06642265,NA,NA,NA,NA,NA,NA,NA,NA,NA,NA,NA,NA
UL,NA,NA,NA,18.86107724,18.86107724,18.86107724,18.86107724,18.86107724,NA,NA,NA,NA,NA,NA,NA,NA
UL,NA,NA,NA,19.40218805,19.40218805,NA,NA,NA,NA,NA,NA,NA,NA,NA,NA,NA
UL,NA,NA,NA,19.61347949,19.61347949,19.61347949,19.61347949,19.61347949,19.61347949,19.61347949,NA,NA,NA,NA,NA,NA
UL,NA,NA,NA,19.4762704,NA,NA,NA,NA,NA,NA,NA,NA,NA,NA,NA,NA
UL,NA,NA,NA,22.83532527,22.83532527,22.83532527,22.83532527,22.83532527,NA,NA,NA,NA,NA,NA,NA,NA
UL,NA,NA,NA,20.24150091,NA,NA,NA,NA,NA,NA,NA,NA,NA,NA,NA,NA
UL,NA,NA,NA,20.38842291,NA,NA,NA,NA,NA,NA,NA,NA,NA,NA,NA,NA
UL,NA,NA,NA,20.47422569,20.47422569,NA,NA,NA,NA,NA,NA,NA,NA,NA,NA,NA
UL,NA,NA,NA,18.75126305,NA,NA,NA,NA,NA,NA,NA,NA,NA,NA,NA,NA
UL,NA,NA,NA,20.35709181,20.35709181,20.35709181,20.35709181,NA,NA,NA,NA,NA,NA,NA,NA,NA
UL,NA,NA,NA,19.34471552,19.34471552,NA,NA,NA,NA,NA,NA,NA,NA,NA,NA,NA
UL,NA,NA,NA,19.91843094,19.91843094,NA,NA,NA,NA,NA,NA,NA,NA,NA,NA,NA
UL,NA,NA,NA,21.22423196,21.22423196,NA,NA,NA,NA,NA,NA,NA,NA,NA,NA,NA
UL,NA,NA,NA,21.76833079,21.76833079,21.76833079,21.76833079,NA,NA,NA,NA,NA,NA,NA,NA,NA
UL,NA,NA,NA,21.25530042,21.25530042,NA,NA,NA,NA,NA,NA,NA,NA,NA,NA,NA
UL,NA,NA,NA,20.52349576,20.52349576,20.52349576,NA,NA,NA,NA,NA,NA,NA,NA,NA,NA
UL,NA,NA,NA,20.26321077,20.26321077,NA,NA,NA,NA,NA,NA,NA,NA,NA,NA,NA
UL,NA,NA,NA,NA,NA,19.45631776,19.45631776,19.45631776,19.45631776,NA,NA,NA,NA,NA,NA,NA
UL,NA,NA,NA,19.86026749,19.86026749,NA,NA,NA,NA,NA,NA,NA,NA,NA,NA,NA
UL,NA,NA,NA,19.26254147,19.26254147,NA,NA,NA,NA,NA,NA,NA,NA,NA,NA,NA
UL,NA,NA,NA,19.96896845,19.96896845,NA,NA,NA,NA,NA,NA,NA,NA,NA,NA,NA
UL,NA,NA,NA,NA,NA,20.8166653,20.8166653,20.8166653,NA,NA,NA,NA,NA,NA,NA,NA
UL,NA,NA,NA,NA,19.15098056,NA,NA,NA,NA,NA,NA,NA,NA,NA,NA,NA
UL,NA,NA,NA,19.53982942,19.53982942,NA,NA,NA,NA,NA,NA,NA,NA,NA,NA,NA
UL,NA,NA,NA,18.72711185,18.72711185,18.72711185,NA,NA,NA,NA,NA,NA,NA,NA,NA,NA
UL,NA,NA,NA,NA,23.42516131,23.42516131,23.42516131,NA,NA,NA,NA,NA,NA,NA,NA,NA
UL,NA,NA,NA,20.54828534,20.54828534,NA,NA,NA,NA,NA,NA,NA,NA,NA,NA,NA
UL,NA,NA,NA,19.92089506,19.92089506,NA,NA,NA,NA,NA,NA,NA,NA,NA,NA,NA
UL,NA,NA,NA,21.37277158,21.37277158,NA,NA,NA,NA,NA,NA,NA,NA,NA,NA,NA
UL,NA,NA,NA,NA,NA,21.32377433,21.32377433,21.32377433,21.32377433,21.32377433,21.32377433,21.32377433,NA,NA,NA,NA
UL,NA,NA,NA,19.74890197,19.74890197,NA,NA,NA,NA,NA,NA,NA,NA,NA,NA,NA
UL,NA,NA,NA,NA,18.78217002,NA,NA,NA,NA,NA,NA,NA,NA,NA,NA,NA
UL,NA,NA,NA,19.0350243,19.0350243,NA,NA,NA,NA,NA,NA,NA,NA,NA,NA,NA
UL,NA,NA,NA,19.02657895,19.02657895,NA,NA,NA,NA,NA,NA,NA,NA,NA,NA,NA
UL,NA,NA,NA,NA,19.28648546,19.28648546,19.28648546,NA,NA,NA,NA,NA,NA,NA,NA,NA
UL,NA,NA,NA,20.98990159,20.98990159,NA,NA,NA,NA,NA,NA,NA,NA,NA,NA,NA
UL,NA,NA,NA,NA,NA,21.21773839,NA,NA,NA,NA,NA,NA,NA,NA,NA,NA
UL,NA,NA,NA,NA,18.93648057,NA,NA,NA,NA,NA,NA,NA,NA,NA,NA,NA
UL,NA,NA,NA,NA,NA,NA,NA,NA,NA,NA,NA,NA,NA,NA,NA,NA
UL,NA,NA,NA,NA,19.1076577,19.1076577,19.1076577,19.1076577,19.1076577,19.1076577,19.1076577,19.1076577,19.1076577,NA,NA,NA
UL,NA,NA,NA,NA,NA,NA,NA,NA,NA,NA,NA,NA,NA,NA,NA,NA
UL,NA,NA,NA,NA,19.29405869,19.29405869,19.29405869,19.29405869,19.29405869,NA,NA,NA,NA,NA,NA,NA
UL,NA,NA,NA,NA,18.09810953,NA,NA,NA,NA,NA,NA,NA,NA,NA,NA,NA
UL,NA,NA,NA,NA,NA,NA,NA,NA,NA,NA,NA,20.72778084,20.72778084,NA,NA,NA
UL,NA,NA,NA,NA,NA,NA,NA,NA,NA,NA,NA,NA,NA,NA,NA,NA
UL,NA,NA,NA,NA,21.52848184,NA,NA,NA,NA,NA,NA,NA,NA,NA,NA,NA
UL,NA,NA,NA,NA,21.21333375,21.21333375,21.21333375,21.21333375,NA,NA,NA,NA,NA,NA,NA,NA
UL,NA,NA,NA,NA,19.49859198,NA,NA,NA,NA,NA,NA,NA,NA,NA,NA,NA
UL,NA,NA,NA,NA,NA,NA,NA,NA,NA,NA,NA,NA,NA,NA,NA,NA
UL,NA,NA,NA,NA,NA,NA,NA,NA,NA,NA,NA,NA,NA,NA,NA,NA
UL,NA,NA,NA,NA,19.89742805,NA,NA,NA,NA,NA,NA,NA,NA,NA,NA,NA
UL,NA,NA,NA,NA,19.26397205,NA,NA,NA,NA,NA,NA,NA,NA,NA,NA,NA
UL,NA,NA,NA,NA,19.08893474,19.08893474,19.08893474,19.08893474,19.08893474,NA,NA,NA,NA,NA,NA,NA
UL,NA,NA,NA,NA,NA,NA,NA,NA,NA,NA,21.18977069,NA,NA,NA,NA,NA
UL,NA,NA,NA,NA,NA,NA,NA,NA,NA,NA,NA,NA,NA,NA,NA,NA
UL,NA,NA,NA,NA,NA,NA,NA,NA,NA,NA,NA,NA,NA,NA,NA,NA
UL,NA,NA,NA,NA,NA,NA,NA,NA,NA,NA,NA,NA,NA,NA,NA,NA
UL,NA,NA,NA,NA,NA,NA,NA,NA,21.39586876,21.39586876,NA,NA,NA,NA,NA,NA
UL,NA,NA,NA,NA,NA,NA,NA,NA,NA,NA,NA,NA,NA,NA,NA,NA
UL,NA,NA,NA,NA,NA,NA,NA,20.65237546,NA,NA,NA,NA,NA,NA,NA,NA
UL,NA,NA,NA,NA,NA,NA,NA,NA,NA,NA,NA,NA,NA,NA,NA,NA
UL,NA,NA,NA,NA,20.86051806,20.86051806,20.86051806,NA,NA,NA,NA,NA,NA,NA,NA,NA
UL,NA,NA,NA,NA,NA,NA,NA,24.22992665,24.22992665,24.22992665,24.22992665,24.22992665,24.22992665,NA,NA,NA
UL,NA,NA,NA,NA,NA,NA,NA,20.65115785,20.65115785,NA,NA,NA,NA,NA,NA,NA
UL,NA,NA,NA,NA,NA,NA,NA,NA,NA,18.00267198,18.00267198,NA,NA,NA,NA,NA
UL,NA,NA,NA,NA,NA,22.11886752,22.11886752,22.11886752,NA,NA,NA,NA,NA,NA,NA,NA
UL,NA,NA,NA,NA,NA,NA,NA,NA,NA,NA,NA,NA,NA,NA,NA,NA
UL,NA,NA,NA,NA,NA,NA,NA,NA,19.34534566,NA,NA,NA,NA,NA,NA,NA
UL,NA,NA,NA,NA,NA,NA,NA,22.52148705,22.52148705,22.52148705,22.52148705,22.52148705,22.52148705,NA,NA,NA
UL,NA,NA,NA,NA,NA,NA,NA,NA,21.037613,21.037613,NA,NA,NA,NA,NA,NA
UL,NA,NA,NA,NA,NA,NA,NA,19.93650462,19.93650462,19.93650462,19.93650462,19.93650462,19.93650462,NA,NA,NA
UL,NA,NA,NA,NA,NA,NA,NA,NA,21.01020788,NA,NA,NA,NA,NA,NA,NA
UL,NA,NA,NA,NA,NA,NA,NA,NA,NA,NA,NA,NA,NA,NA,NA,NA
UL,NA,NA,NA,NA,NA,NA,NA,20.15145339,NA,NA,NA,NA,NA,NA,NA,NA
UL,NA,NA,NA,NA,NA,NA,NA,NA,NA,19.49617018,19.49617018,NA,NA,NA,NA,NA
UL,NA,NA,NA,NA,NA,NA,NA,21.42569976,NA,NA,NA,NA,NA,NA,NA,NA
UL,NA,NA,NA,NA,NA,NA,NA,NA,18.92450256,18.92450256,18.92450256,NA,NA,NA,NA,NA
UL,NA,NA,NA,NA,NA,NA,NA,NA,NA,19.44196188,NA,NA,NA,NA,NA,NA
UL,NA,NA,NA,NA,NA,NA,NA,NA,18.23252437,NA,NA,NA,NA,NA,NA,NA
UL,NA,NA,NA,NA,NA,NA,NA,NA,19.23743188,NA,NA,NA,NA,NA,NA,NA
UL,NA,NA,NA,NA,NA,NA,NA,NA,19.59348442,19.59348442,19.59348442,19.59348442,19.59348442,NA,NA,NA
UL,NA,NA,NA,NA,NA,NA,NA,NA,NA,NA,NA,NA,NA,NA,NA,NA
UL,NA,NA,NA,NA,NA,NA,NA,NA,NA,20.28803117,20.28803117,20.28803117,20.28803117,NA,NA,NA
UL,NA,NA,NA,NA,NA,NA,NA,NA,18.98454485,NA,NA,NA,NA,NA,NA,NA
UL,NA,NA,NA,NA,NA,NA,NA,NA,17.98966212,17.98966212,NA,NA,NA,NA,NA,NA
UL,NA,NA,NA,NA,NA,NA,NA,NA,NA,NA,18.08606619,NA,NA,NA,NA,NA
UL,NA,NA,NA,NA,NA,NA,NA,NA,NA,NA,NA,21.31056472,NA,NA,NA,NA
UL,NA,NA,NA,NA,NA,NA,NA,NA,17.92600799,17.92600799,17.92600799,17.92600799,17.92600799,NA,NA,NA
UL,NA,NA,NA,NA,NA,NA,NA,NA,20.10302741,NA,NA,NA,NA,NA,NA,NA
UL,NA,NA,NA,NA,NA,NA,NA,19.62815231,19.62815231,NA,NA,NA,NA,NA,NA,NA
UL,NA,NA,NA,NA,NA,NA,NA,NA,NA,19.64031503,19.64031503,19.64031503,19.64031503,NA,NA,NA
UL,NA,NA,NA,NA,NA,NA,NA,20.48126085,NA,NA,NA,NA,NA,NA,NA,NA
UL,NA,NA,NA,NA,NA,NA,NA,NA,NA,NA,NA,NA,NA,NA,NA,NA
UL,NA,NA,NA,NA,NA,NA,NA,NA,21.00549416,21.00549416,21.00549416,21.00549416,21.00549416,NA,NA,NA
UL,NA,NA,NA,NA,NA,NA,NA,NA,NA,20.49373083,20.49373083,20.49373083,20.49373083,NA,NA,NA
UL,NA,NA,NA,NA,NA,NA,NA,NA,19.23232462,19.23232462,NA,NA,NA,NA,NA,NA
UL,NA,NA,NA,NA,NA,NA,NA,NA,NA,NA,NA,NA,NA,NA,NA,NA
UL,NA,NA,NA,NA,NA,NA,NA,NA,19.35309169,NA,NA,NA,NA,NA,NA,NA
UL,NA,NA,NA,NA,NA,NA,NA,NA,20.56285838,20.56285838,20.56285838,20.56285838,20.56285838,NA,NA,NA
UL,NA,NA,NA,NA,NA,NA,NA,NA,19.11366596,19.11366596,19.11366596,19.11366596,NA,NA,NA,NA
UL,NA,NA,NA,NA,NA,NA,NA,NA,NA,NA,20.10079588,20.10079588,20.10079588,NA,NA,NA
UL,NA,NA,NA,NA,NA,NA,NA,NA,19.81379244,NA,NA,NA,NA,NA,NA,NA
UL,NA,NA,NA,NA,NA,NA,NA,NA,19.0115738,NA,NA,NA,NA,NA,NA,NA
UL,NA,NA,NA,NA,NA,NA,NA,NA,NA,NA,20.78707166,20.78707166,20.78707166,NA,NA,NA
UL,NA,NA,NA,NA,NA,NA,NA,NA,NA,20.51536755,20.51536755,20.51536755,20.51536755,NA,NA,NA
UL,NA,NA,NA,NA,NA,NA,NA,NA,NA,20.20539843,20.20539843,NA,NA,NA,NA,NA
UL,NA,NA,NA,NA,NA,NA,NA,NA,21.09437598,21.09437598,NA,NA,NA,NA,NA,NA
UL,NA,NA,NA,NA,NA,NA,NA,NA,NA,NA,18.72304519,18.72304519,18.72304519,NA,NA,NA
UL,NA,NA,NA,NA,NA,NA,NA,NA,NA,18.19710251,18.19710251,NA,NA,NA,NA,NA
UL,NA,NA,NA,NA,NA,NA,NA,NA,20.05628248,20.05628248,20.05628248,20.05628248,NA,NA,NA,NA
UL,NA,NA,NA,NA,NA,NA,NA,NA,NA,NA,NA,20.39203081,NA,NA,NA,NA
UL,NA,NA,NA,NA,NA,NA,NA,NA,NA,NA,20.99680078,20.99680078,20.99680078,NA,NA,NA
UL,NA,NA,NA,NA,NA,NA,NA,NA,NA,NA,NA,NA,NA,NA,NA,NA
UL,NA,NA,NA,NA,NA,NA,NA,NA,NA,19.01269367,19.01269367,19.01269367,NA,NA,NA,NA
UL,NA,NA,NA,NA,NA,NA,NA,NA,NA,19.99034657,NA,NA,NA,NA,NA,NA
UL,NA,NA,NA,NA,NA,NA,NA,NA,NA,NA,NA,NA,20.34552469,NA,NA,NA
UL,NA,NA,NA,NA,NA,NA,NA,NA,NA,NA,18.73446102,18.73446102,18.73446102,NA,NA,NA
UL,NA,NA,NA,NA,NA,NA,NA,NA,20.72948806,20.72948806,20.72948806,20.72948806,20.72948806,NA,NA,NA
UL,NA,NA,NA,NA,NA,NA,NA,NA,NA,NA,NA,21.06251847,21.06251847,NA,NA,NA
UL,NA,NA,NA,NA,NA,NA,NA,NA,NA,NA,20.75780522,20.75780522,20.75780522,NA,NA,NA
UL,NA,NA,NA,NA,NA,NA,NA,NA,NA,NA,19.94134989,19.94134989,19.94134989,NA,NA,NA
UL,NA,NA,NA,NA,NA,NA,NA,NA,NA,NA,NA,NA,20.75035814,NA,NA,NA
UL,NA,NA,NA,NA,NA,NA,NA,NA,NA,NA,NA,20.06241013,20.06241013,NA,NA,NA
UL,NA,NA,NA,NA,NA,NA,NA,NA,NA,NA,21.13573668,21.13573668,21.13573668,NA,NA,NA
UL,NA,NA,NA,NA,NA,NA,NA,NA,NA,NA,NA,NA,21.12870179,NA,NA,NA
UL,NA,NA,NA,NA,NA,NA,NA,NA,NA,NA,NA,NA,21.70135894,NA,NA,NA
UL,NA,NA,NA,NA,NA,NA,NA,NA,NA,NA,NA,NA,19.18282425,NA,NA,NA
UL,NA,NA,NA,NA,NA,NA,NA,NA,NA,NA,NA,NA,24.20590243,NA,NA,NA
UL,NA,NA,NA,NA,NA,NA,NA,NA,NA,NA,NA,NA,21.00614066,NA,NA,NA
UL,NA,NA,NA,NA,NA,NA,NA,NA,NA,NA,NA,NA,21.01314444,NA,NA,NA
UL,NA,NA,NA,NA,NA,NA,NA,NA,NA,19.52337752,19.52337752,19.52337752,19.52337752,NA,NA,NA
UL,NA,NA,NA,NA,NA,NA,NA,NA,NA,NA,NA,20.30662701,20.30662701,NA,NA,NA
UL,NA,NA,NA,NA,NA,NA,NA,NA,NA,NA,NA,NA,NA,NA,NA,NA
UL,NA,NA,NA,NA,NA,NA,NA,NA,NA,NA,NA,20.52783712,20.52783712,NA,NA,NA
UL,NA,NA,NA,NA,NA,NA,NA,NA,NA,NA,NA,NA,22.15426189,NA,NA,NA
UL,NA,NA,NA,NA,NA,NA,NA,NA,NA,NA,NA,20.71811606,20.71811606,NA,NA,NA
UL,NA,NA,NA,NA,NA,NA,NA,NA,NA,NA,NA,21.67809039,21.67809039,NA,NA,NA
UL,NA,NA,NA,NA,NA,NA,NA,NA,NA,NA,NA,NA,NA,NA,NA,NA
UL,NA,NA,NA,NA,NA,NA,NA,NA,NA,NA,NA,NA,19.64478438,NA,NA,NA
UL,NA,NA,NA,NA,NA,NA,NA,NA,NA,NA,NA,22.34488004,22.34488004,NA,NA,NA
UL,NA,NA,NA,NA,NA,NA,NA,NA,NA,NA,NA,NA,19.23685879,NA,NA,NA
UL,NA,NA,NA,NA,NA,NA,NA,NA,NA,NA,NA,NA,20.15494282,NA,NA,NA
UL,NA,NA,NA,NA,NA,NA,NA,NA,NA,NA,NA,NA,21.6541464,NA,NA,NA
UL,NA,NA,NA,NA,NA,NA,NA,NA,NA,NA,NA,18.03806523,18.03806523,NA,NA,NA
UL,NA,NA,NA,NA,NA,NA,NA,NA,NA,NA,NA,NA,20.36455369,NA,NA,NA
UL,NA,NA,NA,NA,NA,NA,NA,NA,NA,NA,NA,NA,21.27364618,NA,NA,NA
UL,NA,NA,NA,NA,NA,NA,NA,NA,NA,NA,NA,NA,20.61467195,NA,NA,NA
UL,NA,NA,NA,NA,NA,NA,NA,NA,NA,NA,NA,NA,19.59391542,NA,NA,NA
UL,NA,NA,NA,NA,NA,NA,NA,NA,NA,NA,NA,NA,21.82197846,NA,NA,NA
UL,NA,NA,NA,NA,NA,NA,NA,NA,NA,NA,NA,NA,21.12989173,NA,NA,NA
UL,NA,NA,NA,NA,NA,NA,NA,NA,NA,NA,NA,NA,20.28280895,NA,NA,NA
UL,NA,NA,NA,NA,NA,NA,NA,NA,NA,NA,NA,NA,NA,NA,NA,NA
UL,NA,NA,NA,NA,NA,NA,NA,NA,NA,NA,NA,NA,23.13959444,NA,NA,NA
UL,NA,NA,NA,NA,NA,NA,NA,NA,NA,NA,NA,NA,21.7851254,NA,NA,NA
UL,NA,NA,NA,NA,NA,NA,NA,NA,NA,NA,NA,NA,21.26455095,NA,NA,NA
UL,NA,NA,NA,NA,NA,NA,NA,NA,NA,NA,NA,NA,21.89326916,NA,NA,NA
UL,NA,NA,NA,NA,NA,NA,NA,NA,NA,NA,NA,NA,23.50868209,NA,NA,NA
UL,NA,NA,NA,NA,NA,NA,NA,NA,NA,NA,NA,NA,NA,NA,NA,NA
UL,NA,NA,NA,NA,NA,NA,NA,NA,NA,NA,NA,NA,20.89892679,NA,NA,NA
UL,NA,NA,NA,NA,NA,NA,NA,NA,NA,NA,NA,NA,NA,NA,NA,NA
UL,NA,NA,NA,NA,NA,NA,NA,NA,NA,NA,NA,NA,23.7124533,NA,NA,NA
UL,NA,NA,NA,NA,NA,NA,NA,NA,NA,NA,NA,NA,21.4829474,NA,NA,NA
UL,NA,NA,NA,NA,NA,NA,NA,NA,NA,NA,20.09365718,20.09365718,20.09365718,NA,NA,NA
UL,NA,NA,NA,NA,NA,NA,NA,NA,NA,NA,NA,NA,20.92090914,NA,NA,NA
UL,NA,NA,NA,NA,NA,NA,NA,NA,NA,NA,NA,NA,NA,NA,NA,NA
UL,NA,NA,NA,NA,NA,NA,NA,NA,NA,NA,NA,NA,21.15394635,NA,NA,NA
UL,NA,NA,NA,NA,NA,NA,NA,NA,NA,NA,NA,NA,24.4424422,NA,NA,NA
UL,NA,NA,NA,NA,NA,NA,NA,NA,NA,NA,NA,NA,22.91211896,NA,NA,NA
UL,NA,NA,NA,NA,NA,NA,NA,NA,NA,NA,NA,NA,21.64687926,NA,NA,NA
UL,NA,NA,NA,NA,NA,NA,NA,NA,NA,NA,NA,NA,20.01371966,NA,NA,NA
UL,NA,NA,NA,NA,NA,NA,NA,NA,NA,NA,NA,NA,21.64268383,NA,NA,NA
UL,NA,NA,NA,NA,NA,NA,NA,NA,NA,NA,NA,NA,20.55476435,NA,NA,NA
UL,NA,NA,NA,NA,NA,NA,NA,NA,NA,NA,NA,NA,20.54656663,NA,NA,NA
UL,NA,NA,NA,NA,NA,NA,NA,NA,NA,NA,NA,NA,20.60237488,NA,NA,NA
UL,NA,NA,NA,NA,NA,NA,NA,NA,NA,NA,NA,NA,NA,NA,NA,NA
UL,NA,NA,NA,NA,NA,NA,NA,NA,NA,NA,NA,NA,NA,NA,NA,NA
UL,NA,NA,NA,NA,NA,NA,NA,NA,NA,NA,NA,NA,20.04246746,NA,NA,NA
UL,NA,NA,NA,NA,NA,NA,NA,NA,NA,NA,NA,NA,NA,NA,NA,NA
UL,NA,NA,NA,NA,NA,NA,NA,NA,NA,NA,NA,NA,NA,NA,NA,NA
UL,NA,NA,NA,NA,NA,NA,NA,NA,NA,NA,NA,NA,NA,NA,NA,NA
UL,NA,NA,NA,NA,NA,NA,NA,NA,NA,NA,NA,NA,NA,NA,NA,NA
UL,NA,NA,NA,NA,NA,NA,NA,NA,NA,NA,NA,NA,NA,NA,NA,NA
UL,NA,NA,NA,NA,NA,NA,NA,NA,NA,NA,NA,NA,NA,NA,NA,NA
UL,NA,NA,NA,NA,NA,NA,NA,NA,NA,NA,NA,NA,NA,NA,NA,NA
UL,NA,NA,NA,NA,NA,NA,NA,NA,NA,NA,NA,NA,18.6546393,NA,NA,NA
UL,NA,NA,NA,NA,NA,NA,NA,NA,NA,NA,NA,NA,NA,NA,NA,NA
UL,NA,NA,NA,NA,NA,NA,NA,NA,NA,NA,NA,NA,21.66823198,NA,NA,NA
UL,NA,NA,NA,NA,NA,NA,NA,NA,NA,NA,NA,NA,NA,NA,NA,NA
UL,NA,NA,NA,NA,NA,NA,NA,NA,NA,NA,NA,NA,NA,NA,NA,NA
UL,NA,NA,NA,NA,NA,NA,NA,NA,NA,NA,NA,NA,NA,NA,NA,NA
UL,NA,NA,NA,NA,NA,NA,NA,NA,NA,NA,NA,NA,20.15922009,NA,NA,NA
UL,NA,NA,NA,NA,NA,NA,NA,NA,NA,NA,NA,NA,NA,NA,NA,NA
UL,NA,NA,NA,NA,NA,NA,NA,NA,NA,NA,NA,NA,NA,NA,NA,NA
UL,NA,NA,NA,NA,NA,NA,NA,NA,NA,NA,NA,NA,NA,NA,NA,NA
UL,NA,NA,NA,NA,NA,NA,NA,NA,NA,NA,NA,NA,20.5350238,NA,NA,NA
UL,NA,NA,NA,NA,NA,NA,NA,NA,NA,NA,NA,NA,NA,NA,NA,NA
UL,NA,NA,NA,NA,NA,NA,NA,NA,NA,NA,NA,NA,NA,NA,NA,NA
UL,NA,NA,NA,NA,NA,NA,NA,NA,NA,NA,NA,NA,NA,NA,NA,NA
UL,NA,NA,NA,NA,NA,NA,NA,NA,NA,NA,NA,NA,NA,NA,NA,NA
UL,NA,NA,NA,NA,NA,NA,NA,NA,NA,NA,NA,NA,NA,NA,NA,NA
UL,NA,NA,NA,NA,NA,NA,NA,NA,NA,NA,NA,NA,NA,NA,NA,NA
UL,NA,NA,NA,NA,NA,NA,NA,NA,NA,NA,NA,NA,21.14748366,NA,NA,NA
UL,NA,NA,NA,NA,NA,NA,NA,NA,NA,NA,NA,NA,NA,NA,NA,NA
UL,NA,NA,NA,NA,NA,NA,NA,NA,NA,NA,NA,NA,NA,NA,NA,NA
UL,NA,NA,NA,NA,NA,NA,NA,NA,NA,NA,NA,NA,NA,NA,NA,NA
UL,NA,NA,NA,NA,NA,NA,NA,NA,NA,NA,NA,NA,NA,NA,NA,NA
UL,NA,NA,NA,NA,NA,NA,NA,NA,NA,NA,NA,NA,NA,NA,NA,NA
UL,NA,NA,NA,NA,NA,NA,NA,NA,NA,NA,NA,NA,NA,NA,NA,NA
UL,NA,NA,NA,NA,NA,NA,NA,NA,NA,NA,NA,19.68166096,19.68166096,NA,NA,NA
UL,NA,NA,NA,NA,NA,NA,NA,NA,NA,NA,NA,NA,NA,NA,NA,NA
UL,NA,NA,NA,NA,NA,NA,NA,NA,NA,NA,NA,NA,NA,NA,NA,NA
UL,NA,NA,NA,NA,NA,NA,NA,NA,NA,NA,NA,NA,20.60673436,NA,NA,NA
UL,NA,NA,NA,NA,NA,NA,NA,NA,NA,NA,NA,NA,NA,NA,NA,NA
UL,NA,NA,NA,NA,NA,NA,NA,NA,NA,NA,NA,NA,NA,NA,NA,NA
UL,NA,NA,NA,NA,NA,NA,NA,NA,NA,NA,NA,NA,NA,NA,NA,NA
UL,NA,NA,NA,NA,NA,NA,NA,NA,NA,NA,NA,NA,NA,NA,NA,NA
UL,NA,NA,NA,NA,NA,NA,NA,NA,NA,NA,NA,NA,NA,NA,NA,NA
UL,NA,NA,NA,NA,NA,NA,NA,NA,NA,NA,NA,NA,NA,NA,NA,NA
UL,NA,NA,NA,NA,NA,NA,NA,NA,NA,NA,NA,NA,NA,NA,NA,NA
UL,NA,NA,NA,NA,NA,NA,NA,NA,NA,NA,NA,NA,NA,NA,NA,NA
UL,NA,NA,NA,NA,NA,NA,NA,NA,NA,NA,NA,NA,NA,NA,NA,NA
UL,NA,NA,NA,NA,NA,NA,NA,NA,NA,NA,NA,NA,NA,NA,NA,NA
UL,NA,NA,NA,NA,NA,NA,NA,NA,NA,NA,NA,NA,NA,NA,NA,NA
UL,NA,NA,NA,NA,NA,NA,NA,NA,NA,NA,NA,NA,NA,NA,NA,NA
UL,NA,NA,NA,NA,NA,NA,NA,NA,NA,NA,NA,NA,NA,NA,NA,NA
UL,NA,NA,NA,NA,NA,NA,NA,NA,NA,NA,NA,NA,NA,NA,NA,NA
UL,NA,NA,NA,NA,NA,NA,NA,NA,NA,NA,NA,NA,NA,NA,NA,NA
UL,NA,NA,NA,NA,NA,NA,NA,NA,NA,NA,NA,NA,NA,NA,NA,NA
UL,NA,NA,NA,NA,NA,NA,NA,NA,NA,NA,NA,NA,NA,NA,NA,NA
UL,NA,NA,NA,NA,NA,NA,NA,NA,NA,NA,NA,NA,NA,NA,NA,NA
UL,NA,NA,NA,NA,NA,NA,NA,NA,NA,NA,NA,NA,NA,NA,NA,NA
UL,NA,NA,NA,NA,NA,NA,NA,NA,NA,NA,NA,NA,NA,NA,NA,NA
UL,NA,NA,NA,NA,NA,NA,NA,NA,NA,NA,NA,NA,NA,NA,NA,NA
UL,NA,NA,NA,NA,NA,NA,NA,NA,NA,NA,NA,NA,NA,NA,NA,NA
UL,NA,NA,NA,NA,NA,NA,NA,NA,NA,NA,NA,NA,NA,NA,NA,NA
UL,NA,NA,NA,NA,NA,NA,NA,NA,NA,NA,NA,NA,20.18767276,NA,NA,NA
UL,NA,NA,NA,NA,NA,NA,NA,NA,NA,NA,NA,NA,NA,NA,NA,NA
UL,NA,NA,NA,NA,NA,NA,NA,NA,NA,NA,NA,NA,NA,NA,NA,NA
UL,NA,NA,NA,NA,NA,NA,NA,NA,NA,NA,NA,NA,NA,NA,NA,NA
UL,NA,NA,NA,NA,NA,NA,NA,NA,NA,NA,NA,NA,NA,NA,NA,NA
UL,NA,NA,NA,NA,NA,NA,NA,NA,NA,NA,NA,NA,NA,NA,NA,NA
UL,NA,NA,NA,NA,NA,NA,NA,NA,NA,NA,NA,NA,NA,NA,NA,NA
UL,NA,NA,NA,NA,NA,NA,NA,NA,NA,NA,NA,NA,NA,NA,NA,NA
UL,NA,NA,NA,NA,NA,NA,NA,NA,NA,NA,NA,NA,NA,NA,NA,NA
UL,NA,NA,NA,NA,NA,NA,NA,NA,NA,NA,NA,NA,NA,NA,NA,NA
UL,NA,NA,NA,NA,NA,NA,NA,NA,NA,NA,NA,NA,NA,NA,NA,NA
UL,NA,NA,NA,NA,NA,NA,NA,NA,NA,NA,NA,NA,NA,NA,NA,NA
UL,NA,NA,NA,NA,NA,NA,NA,NA,NA,NA,NA,NA,NA,NA,NA,NA
UL,NA,NA,NA,NA,NA,NA,NA,NA,NA,NA,NA,NA,NA,NA,NA,NA
UL,NA,NA,NA,NA,NA,NA,NA,NA,NA,NA,NA,NA,NA,NA,NA,NA
UL,NA,NA,NA,NA,NA,NA,NA,NA,NA,NA,NA,NA,NA,NA,NA,NA
UL,NA,NA,NA,NA,NA,NA,NA,NA,NA,NA,NA,NA,NA,NA,NA,NA
UL,NA,NA,NA,NA,NA,NA,NA,NA,NA,NA,NA,NA,NA,NA,NA,NA
UL,NA,NA,NA,NA,NA,NA,NA,NA,NA,NA,NA,NA,18.90962325,NA,NA,NA
UL,NA,NA,NA,NA,NA,NA,NA,NA,NA,NA,NA,NA,NA,NA,NA,NA
UL,NA,NA,NA,NA,NA,NA,NA,NA,NA,NA,NA,NA,NA,NA,NA,NA
UL,NA,NA,NA,NA,NA,NA,NA,NA,NA,NA,NA,NA,NA,NA,NA,NA
UL,NA,NA,NA,NA,NA,NA,NA,NA,NA,NA,NA,NA,NA,NA,NA,NA
UL,NA,NA,NA,NA,NA,NA,NA,NA,NA,NA,NA,NA,NA,NA,NA,NA
UL,NA,NA,NA,NA,NA,NA,NA,NA,NA,NA,NA,NA,NA,NA,NA,NA
UL,NA,NA,NA,NA,NA,NA,NA,NA,NA,NA,NA,NA,NA,NA,NA,NA
UL,NA,NA,NA,NA,NA,NA,NA,NA,NA,NA,NA,NA,NA,NA,NA,NA
UL,NA,NA,NA,NA,NA,NA,NA,NA,NA,NA,NA,NA,NA,NA,NA,NA
UL,NA,NA,NA,NA,NA,NA,NA,NA,NA,NA,NA,NA,NA,NA,NA,NA
IC,NA,NA,NA,NA,NA,NA,NA,NA,NA,NA,NA,NA,NA,NA,NA,NA
IC,NA,NA,NA,NA,NA,NA,NA,NA,NA,NA,NA,17.48290289,NA,NA,NA,NA
IC,NA,20.51504852,20.51504852,20.51504852,20.51504852,20.51504852,20.51504852,NA,NA,NA,NA,NA,NA,NA,NA,NA
IC,NA,19.23090404,19.23090404,19.23090404,19.23090404,19.23090404,19.23090404,19.23090404,NA,NA,NA,NA,NA,NA,NA,NA
IC,NA,NA,NA,NA,NA,NA,NA,NA,NA,19.39867405,19.39867405,19.39867405,19.39867405,NA,NA,NA
IC,NA,NA,NA,NA,NA,NA,NA,NA,NA,NA,18.78945674,18.78945674,18.78945674,NA,NA,NA
IC,NA,NA,NA,NA,NA,NA,NA,NA,NA,NA,NA,NA,19.91493332,NA,NA,NA
IC,NA,NA,NA,NA,NA,NA,NA,NA,18.54287421,NA,NA,NA,NA,NA,NA,NA
IC,NA,NA,NA,NA,NA,NA,NA,NA,NA,NA,NA,NA,18.46240634,NA,NA,NA
IC,NA,20.72137572,20.72137572,NA,NA,NA,NA,NA,NA,NA,NA,NA,NA,NA,NA,NA
IC,NA,NA,NA,NA,NA,NA,NA,NA,NA,18.86601876,18.86601876,18.86601876,18.86601876,NA,NA,NA
IC,NA,NA,NA,NA,NA,NA,21.05677305,21.05677305,21.05677305,21.05677305,21.05677305,21.05677305,21.05677305,NA,NA,NA
IC,NA,NA,NA,NA,NA,NA,NA,NA,NA,NA,17.85659689,17.85659689,NA,NA,NA,NA
IC,NA,NA,NA,NA,NA,NA,NA,NA,NA,17.73412437,17.73412437,NA,NA,NA,NA,NA
IC,NA,20.42391419,20.42391419,NA,NA,NA,NA,NA,NA,NA,NA,NA,NA,NA,NA,NA
IC,NA,21.43463342,21.43463342,NA,NA,NA,NA,NA,NA,NA,NA,NA,NA,NA,NA,NA
IC,NA,20.82667222,NA,NA,NA,NA,NA,NA,NA,NA,NA,NA,NA,NA,NA,NA
IC,NA,20.42991772,NA,NA,NA,NA,NA,NA,NA,NA,NA,NA,NA,NA,NA,NA
IC,NA,18.44282063,NA,NA,NA,NA,NA,NA,NA,NA,NA,NA,NA,NA,NA,NA
IC,NA,17.93821979,NA,NA,NA,NA,NA,NA,NA,NA,NA,NA,NA,NA,NA,NA
IC,NA,NA,NA,NA,NA,NA,NA,NA,NA,19.15634027,19.15634027,19.15634027,19.15634027,NA,NA,NA
IC,NA,NA,NA,NA,NA,NA,NA,NA,NA,NA,NA,18.38467764,18.38467764,NA,NA,NA
IC,NA,NA,NA,NA,NA,20.60504056,20.60504056,20.60504056,NA,NA,NA,NA,NA,NA,NA,NA
IC,NA,NA,NA,NA,NA,20.17746683,20.17746683,20.17746683,20.17746683,NA,NA,NA,NA,NA,NA,NA
IC,NA,17.68297287,NA,NA,NA,NA,NA,NA,NA,NA,NA,NA,NA,NA,NA,NA
IC,NA,18.12514523,18.12514523,18.12514523,NA,NA,NA,NA,NA,NA,NA,NA,NA,NA,NA,NA
IC,NA,19.92462433,NA,NA,NA,NA,NA,NA,NA,NA,NA,NA,NA,NA,NA,NA
IC,NA,20.19693029,NA,NA,NA,NA,NA,NA,NA,NA,NA,NA,NA,NA,NA,NA
IC,NA,20.61117823,20.61117823,20.61117823,20.61117823,20.61117823,NA,NA,NA,NA,NA,NA,NA,NA,NA,NA
IC,NA,18.21841356,NA,NA,NA,NA,NA,NA,NA,NA,NA,NA,NA,NA,NA,NA
IC,NA,18.58259585,NA,NA,NA,NA,NA,NA,NA,NA,NA,NA,NA,NA,NA,NA
IC,NA,NA,NA,NA,NA,21.2455352,21.2455352,21.2455352,21.2455352,21.2455352,21.2455352,21.2455352,21.2455352,NA,NA,NA
IC,NA,NA,NA,NA,NA,NA,NA,NA,19.70872686,19.70872686,NA,NA,NA,NA,NA,NA
IC,NA,NA,NA,NA,NA,20.25314117,20.25314117,20.25314117,20.25314117,20.25314117,20.25314117,NA,NA,NA,NA,NA
IC,NA,18.0778456,NA,NA,NA,NA,NA,NA,NA,NA,NA,NA,NA,NA,NA,NA
IC,NA,19.68569183,19.68569183,19.68569183,19.68569183,19.68569183,NA,NA,NA,NA,NA,NA,NA,NA,NA,NA
IC,NA,NA,NA,NA,NA,NA,NA,18.90945521,18.90945521,NA,NA,NA,NA,NA,NA,NA
IC,NA,20.1578331,20.1578331,NA,NA,NA,NA,NA,NA,NA,NA,NA,NA,NA,NA,NA
IC,NA,20.54589442,20.54589442,20.54589442,20.54589442,NA,NA,NA,NA,NA,NA,NA,NA,NA,NA,NA
IC,NA,NA,NA,NA,NA,NA,NA,20.3319301,20.3319301,20.3319301,20.3319301,NA,NA,NA,NA,NA
IC,NA,NA,20.19532294,NA,NA,NA,NA,NA,NA,NA,NA,NA,NA,NA,NA,NA
IC,NA,19.10691178,19.10691178,NA,NA,NA,NA,NA,NA,NA,NA,NA,NA,NA,NA,NA
IC,NA,21.13227014,21.13227014,21.13227014,21.13227014,21.13227014,21.13227014,21.13227014,NA,NA,NA,NA,NA,NA,NA,NA
IC,NA,NA,NA,NA,NA,NA,NA,NA,NA,NA,NA,NA,NA,NA,NA,NA
IC,NA,19.17925484,19.17925484,19.17925484,19.17925484,NA,NA,NA,NA,NA,NA,NA,NA,NA,NA,NA
IC,NA,20.59513821,NA,NA,NA,NA,NA,NA,NA,NA,NA,NA,NA,NA,NA,NA
IC,NA,19.91736017,19.91736017,NA,NA,NA,NA,NA,NA,NA,NA,NA,NA,NA,NA,NA
IC,NA,21.33376866,21.33376866,21.33376866,NA,NA,NA,NA,NA,NA,NA,NA,NA,NA,NA,NA
IC,NA,NA,NA,NA,NA,NA,NA,NA,NA,NA,NA,NA,18.7445927,NA,NA,NA
IC,NA,NA,NA,NA,NA,NA,NA,20.57858114,20.57858114,NA,NA,NA,NA,NA,NA,NA
IC,NA,NA,NA,NA,NA,NA,21.93951218,21.93951218,21.93951218,21.93951218,21.93951218,21.93951218,NA,NA,NA,NA
IC,NA,NA,NA,NA,NA,NA,20.14552596,20.14552596,20.14552596,NA,NA,NA,NA,NA,NA,NA
IC,NA,NA,NA,NA,NA,NA,19.03986713,19.03986713,19.03986713,NA,NA,NA,NA,NA,NA,NA
IC,NA,NA,NA,NA,NA,NA,NA,19.47202592,NA,NA,NA,NA,NA,NA,NA,NA
IC,NA,NA,NA,NA,NA,NA,NA,NA,NA,17.82895287,17.82895287,17.82895287,17.82895287,NA,NA,NA
IC,NA,NA,NA,NA,NA,NA,NA,21.34623549,NA,NA,NA,NA,NA,NA,NA,NA
IC,NA,NA,NA,NA,NA,NA,20.37382705,20.37382705,20.37382705,NA,NA,NA,NA,NA,NA,NA
IC,NA,NA,NA,NA,NA,NA,NA,NA,17.99962181,17.99962181,17.99962181,17.99962181,17.99962181,NA,NA,NA
IC,NA,NA,NA,NA,NA,NA,NA,NA,NA,19.17837065,19.17837065,19.17837065,NA,NA,NA,NA
IC,NA,NA,NA,NA,NA,NA,NA,NA,NA,18.79141761,18.79141761,18.79141761,18.79141761,NA,NA,NA
IC,NA,NA,NA,NA,NA,NA,NA,19.71017163,19.71017163,19.71017163,19.71017163,NA,NA,NA,NA,NA
IC,NA,17.98550775,NA,NA,NA,NA,NA,NA,NA,NA,NA,NA,NA,NA,NA,NA
IC,NA,20.62314571,20.62314571,20.62314571,20.62314571,20.62314571,20.62314571,NA,NA,NA,NA,NA,NA,NA,NA,NA
IC,NA,20.26544855,20.26544855,NA,NA,NA,NA,NA,NA,NA,NA,NA,NA,NA,NA,NA
IC,NA,20.37648009,20.37648009,20.37648009,NA,NA,NA,NA,NA,NA,NA,NA,NA,NA,NA,NA
IC,NA,NA,NA,NA,NA,NA,NA,NA,NA,NA,20.24905044,NA,NA,NA,NA,NA
IC,NA,NA,NA,NA,NA,NA,NA,NA,NA,NA,NA,NA,17.98013138,NA,NA,NA
IC,NA,NA,NA,NA,NA,NA,NA,NA,NA,18.32685691,18.32685691,18.32685691,18.32685691,NA,NA,NA
IC,NA,NA,NA,NA,NA,NA,NA,NA,NA,20.92803107,20.92803107,20.92803107,20.92803107,NA,NA,NA
IC,NA,NA,NA,NA,NA,NA,NA,NA,NA,NA,NA,NA,22.72602776,NA,NA,NA
IC,NA,NA,NA,NA,NA,NA,NA,NA,NA,NA,NA,17.60192179,17.60192179,NA,NA,NA
IC,NA,NA,NA,NA,NA,NA,20.28584514,20.28584514,NA,NA,NA,NA,NA,NA,NA,NA
IC,NA,NA,NA,NA,NA,NA,19.77855648,19.77855648,19.77855648,NA,NA,NA,NA,NA,NA,NA
IC,NA,NA,NA,NA,NA,NA,NA,19.19745479,19.19745479,19.19745479,19.19745479,19.19745479,19.19745479,NA,NA,NA
IC,NA,NA,NA,NA,NA,NA,NA,NA,NA,NA,NA,19.05918326,19.05918326,NA,NA,NA
IC,NA,NA,NA,NA,NA,NA,NA,NA,18.75646807,18.75646807,NA,NA,NA,NA,NA,NA
IC,NA,NA,NA,NA,NA,NA,NA,19.75888376,NA,NA,NA,NA,NA,NA,NA,NA
IC,NA,NA,NA,NA,NA,NA,NA,NA,19.88119824,NA,NA,NA,NA,NA,NA,NA
IC,NA,NA,NA,NA,NA,NA,NA,19.15619671,19.15619671,NA,NA,NA,NA,NA,NA,NA
IC,NA,NA,NA,NA,NA,NA,NA,20.47930606,NA,NA,NA,NA,NA,NA,NA,NA
IC,NA,NA,NA,NA,NA,NA,NA,NA,NA,18.21463966,18.21463966,18.21463966,18.21463966,NA,NA,NA
IC,NA,NA,NA,NA,NA,NA,20.99506462,20.99506462,NA,NA,NA,NA,NA,NA,NA,NA
IC,NA,NA,NA,NA,NA,NA,NA,NA,NA,17.67631186,17.67631186,17.67631186,NA,NA,NA,NA
IC,NA,NA,NA,NA,NA,NA,NA,NA,19.62386976,19.62386976,19.62386976,NA,NA,NA,NA,NA
IC,NA,NA,NA,NA,NA,NA,NA,NA,19.82939463,19.82939463,19.82939463,NA,NA,NA,NA,NA
IC,NA,NA,NA,NA,NA,NA,NA,NA,NA,18.18840995,18.18840995,18.18840995,18.18840995,NA,NA,NA
IC,NA,NA,NA,NA,NA,NA,19.46346993,19.46346993,19.46346993,NA,NA,NA,NA,NA,NA,NA
IC,NA,NA,NA,NA,NA,NA,NA,NA,NA,19.59101038,19.59101038,19.59101038,19.59101038,NA,NA,NA
IC,NA,NA,NA,NA,NA,NA,NA,NA,20.13613333,20.13613333,20.13613333,NA,NA,NA,NA,NA
IC,NA,NA,NA,NA,NA,NA,NA,NA,NA,NA,NA,NA,20.07695766,NA,NA,NA
IC,NA,NA,NA,NA,NA,NA,NA,NA,NA,NA,NA,NA,17.97222724,NA,NA,NA
IC,NA,NA,NA,NA,NA,NA,NA,NA,NA,NA,18.11671612,NA,NA,NA,NA,NA
IC,NA,NA,NA,NA,NA,NA,NA,NA,NA,NA,NA,NA,17.08730016,NA,NA,NA
IC,NA,NA,NA,NA,NA,NA,NA,NA,NA,NA,19.7118128,19.7118128,19.7118128,NA,NA,NA
IC,NA,NA,NA,NA,NA,NA,NA,NA,NA,NA,NA,NA,21.3180872,NA,NA,NA
IC,NA,NA,NA,NA,NA,NA,20.44166598,20.44166598,NA,NA,NA,NA,NA,NA,NA,NA
IC,NA,NA,NA,NA,NA,NA,NA,18.89405059,NA,NA,NA,NA,NA,NA,NA,NA
IC,NA,NA,NA,NA,NA,NA,NA,20.75776819,20.75776819,20.75776819,20.75776819,NA,NA,NA,NA,NA
IC,NA,NA,NA,NA,NA,NA,NA,NA,19.43387498,19.43387498,19.43387498,19.43387498,19.43387498,NA,NA,NA
IC,NA,NA,NA,NA,NA,NA,18.74924525,NA,NA,NA,NA,NA,NA,NA,NA,NA
IC,NA,NA,NA,NA,NA,NA,NA,NA,NA,19.67025048,19.67025048,19.67025048,19.67025048,NA,NA,NA
IC,NA,NA,NA,NA,NA,NA,NA,NA,NA,20.44477432,NA,NA,NA,NA,NA,NA
IC,NA,NA,NA,NA,NA,NA,NA,NA,NA,18.81383244,NA,NA,NA,NA,NA,NA
IC,NA,NA,NA,NA,NA,NA,NA,NA,NA,NA,18.33253337,18.33253337,18.33253337,NA,NA,NA
IC,NA,NA,NA,NA,NA,NA,NA,NA,NA,18.85226271,18.85226271,18.85226271,18.85226271,NA,NA,NA
IC,NA,NA,NA,NA,NA,18.25678826,18.25678826,18.25678826,18.25678826,18.25678826,18.25678826,18.25678826,18.25678826,NA,NA,NA
IC,NA,NA,NA,NA,NA,18.7044214,NA,NA,NA,NA,NA,NA,NA,NA,NA,NA
IC,NA,NA,NA,NA,NA,NA,NA,NA,NA,17.45713418,17.45713418,17.45713418,NA,NA,NA,NA
IC,NA,19.78170352,19.78170352,19.78170352,NA,NA,NA,NA,NA,NA,NA,NA,NA,NA,NA,NA
IC,NA,20.78598733,NA,NA,NA,NA,NA,NA,NA,NA,NA,NA,NA,NA,NA,NA
IC,NA,17.94401695,17.94401695,NA,NA,NA,NA,NA,NA,NA,NA,NA,NA,NA,NA,NA
IC,NA,NA,NA,NA,NA,NA,NA,NA,NA,NA,NA,NA,NA,NA,NA,NA
IC,NA,20.82097359,20.82097359,20.82097359,20.82097359,NA,NA,NA,NA,NA,NA,NA,NA,NA,NA,NA
IC,NA,21.16025263,21.16025263,21.16025263,NA,NA,NA,NA,NA,NA,NA,NA,NA,NA,NA,NA
IC,NA,NA,NA,NA,NA,18.95580999,NA,NA,NA,NA,NA,NA,NA,NA,NA,NA
IC,NA,NA,NA,NA,20.90577035,20.90577035,20.90577035,NA,NA,NA,NA,NA,NA,NA,NA,NA
IC,NA,NA,NA,NA,NA,17.58027719,17.58027719,NA,NA,NA,NA,NA,NA,NA,NA,NA
IC,NA,NA,NA,NA,NA,NA,NA,NA,NA,NA,18.44262322,18.44262322,18.44262322,NA,NA,NA
IC,NA,NA,NA,NA,NA,NA,NA,NA,NA,18.37528787,18.37528787,NA,NA,NA,NA,NA
IC,NA,NA,NA,NA,NA,NA,NA,NA,NA,NA,NA,18.82560043,18.82560043,NA,NA,NA
IC,NA,NA,NA,NA,21.10459744,21.10459744,21.10459744,21.10459744,21.10459744,NA,NA,NA,NA,NA,NA,NA
IC,NA,NA,NA,NA,NA,19.98637076,NA,NA,NA,NA,NA,NA,NA,NA,NA,NA
IC,NA,NA,NA,NA,NA,NA,NA,19.50732279,NA,NA,NA,NA,NA,NA,NA,NA
IC,NA,19.84878371,NA,NA,NA,NA,NA,NA,NA,NA,NA,NA,NA,NA,NA,NA
IC,NA,20.80203852,20.80203852,20.80203852,20.80203852,20.80203852,20.80203852,20.80203852,NA,NA,NA,NA,NA,NA,NA,NA
IC,NA,20.21875544,20.21875544,20.21875544,NA,NA,NA,NA,NA,NA,NA,NA,NA,NA,NA,NA
IC,NA,21.2037772,21.2037772,21.2037772,NA,NA,NA,NA,NA,NA,NA,NA,NA,NA,NA,NA
IC,NA,18.3745771,18.3745771,18.3745771,18.3745771,18.3745771,NA,NA,NA,NA,NA,NA,NA,NA,NA,NA
IC,NA,NA,NA,NA,NA,NA,NA,19.32069791,19.32069791,NA,NA,NA,NA,NA,NA,NA
IC,NA,19.1433279,19.1433279,19.1433279,19.1433279,NA,NA,NA,NA,NA,NA,NA,NA,NA,NA,NA
IC,NA,NA,NA,NA,NA,NA,NA,NA,NA,NA,NA,16.87020857,16.87020857,NA,NA,NA
IC,NA,19.52646559,NA,NA,NA,NA,NA,NA,NA,NA,NA,NA,NA,NA,NA,NA
IC,NA,20.4301396,20.4301396,20.4301396,NA,NA,NA,NA,NA,NA,NA,NA,NA,NA,NA,NA
IC,NA,21.82875495,NA,NA,NA,NA,NA,NA,NA,NA,NA,NA,NA,NA,NA,NA
IC,NA,21.60779471,NA,NA,NA,NA,NA,NA,NA,NA,NA,NA,NA,NA,NA,NA
IC,NA,22.90675333,22.90675333,22.90675333,22.90675333,NA,NA,NA,NA,NA,NA,NA,NA,NA,NA,NA
IC,NA,21.4061399,21.4061399,21.4061399,21.4061399,21.4061399,NA,NA,NA,NA,NA,NA,NA,NA,NA,NA
IC,NA,NA,NA,NA,NA,NA,NA,NA,NA,NA,NA,17.03460128,NA,NA,NA,NA
IC,NA,NA,NA,NA,NA,NA,NA,NA,NA,NA,NA,19.67240149,19.67240149,NA,NA,NA
IC,NA,NA,NA,NA,NA,NA,NA,NA,19.94589158,19.94589158,19.94589158,19.94589158,19.94589158,NA,NA,NA
IC,NA,NA,NA,NA,NA,NA,NA,NA,NA,NA,20.75127757,20.75127757,20.75127757,NA,NA,NA
IC,NA,NA,NA,NA,NA,NA,NA,20.28487441,NA,NA,NA,NA,NA,NA,NA,NA
IC,NA,NA,NA,NA,NA,NA,NA,NA,NA,20.26398176,NA,NA,NA,NA,NA,NA
IC,NA,NA,NA,NA,NA,NA,NA,19.65857588,19.65857588,19.65857588,19.65857588,19.65857588,19.65857588,NA,NA,NA
IC,NA,21.59186828,NA,NA,NA,NA,NA,NA,NA,NA,NA,NA,NA,NA,NA,NA
IC,NA,NA,19.40650089,19.40650089,19.40650089,NA,NA,NA,NA,NA,NA,NA,NA,NA,NA,NA
IC,NA,20.13742251,20.13742251,20.13742251,20.13742251,20.13742251,20.13742251,20.13742251,20.13742251,NA,NA,NA,NA,NA,NA,NA
IC,NA,NA,NA,NA,NA,NA,NA,NA,NA,NA,NA,18.32960353,NA,NA,NA,NA
IC,NA,NA,NA,NA,NA,NA,NA,NA,NA,NA,18.9972098,NA,NA,NA,NA,NA
IC,NA,18.63276695,18.63276695,18.63276695,NA,NA,NA,NA,NA,NA,NA,NA,NA,NA,NA,NA
IC,NA,18.02315773,18.02315773,18.02315773,NA,NA,NA,NA,NA,NA,NA,NA,NA,NA,NA,NA
IC,NA,NA,NA,NA,NA,NA,NA,NA,NA,NA,NA,NA,18.58013825,NA,NA,NA
IC,NA,NA,NA,NA,NA,NA,NA,NA,NA,NA,NA,NA,20.26100161,NA,NA,NA
IC,NA,NA,NA,NA,NA,NA,NA,NA,NA,NA,NA,NA,20.78125933,NA,NA,NA
IC,NA,NA,NA,NA,NA,NA,NA,NA,NA,NA,NA,NA,18.56471049,NA,NA,NA
IC,NA,NA,NA,NA,NA,NA,NA,19.4640417,19.4640417,19.4640417,19.4640417,19.4640417,19.4640417,NA,NA,NA
IC,NA,NA,NA,NA,NA,NA,NA,19.70548655,19.70548655,19.70548655,19.70548655,19.70548655,19.70548655,NA,NA,NA
IC,NA,NA,NA,NA,NA,NA,NA,NA,NA,NA,NA,NA,20.42876201,NA,NA,NA
IC,NA,NA,NA,NA,NA,NA,NA,NA,NA,NA,NA,NA,18.11414202,NA,NA,NA
IC,NA,NA,NA,NA,NA,NA,NA,NA,NA,NA,NA,19.57447791,19.57447791,NA,NA,NA
IC,NA,NA,NA,NA,NA,NA,NA,NA,19.26470857,19.26470857,19.26470857,19.26470857,19.26470857,NA,NA,NA
IC,NA,NA,NA,NA,NA,NA,NA,NA,18.17933437,NA,NA,NA,NA,NA,NA,NA
IC,NA,NA,NA,NA,NA,NA,21.27478622,21.27478622,21.27478622,21.27478622,21.27478622,NA,NA,NA,NA,NA
IC,NA,NA,NA,NA,NA,NA,NA,NA,NA,NA,20.64720293,20.64720293,20.64720293,NA,NA,NA
IC,NA,NA,NA,NA,NA,NA,NA,19.02586303,19.02586303,NA,NA,NA,NA,NA,NA,NA
IC,NA,NA,NA,NA,NA,NA,NA,20.23052328,20.23052328,20.23052328,20.23052328,NA,NA,NA,NA,NA
IC,NA,NA,NA,NA,NA,NA,19.49388108,19.49388108,19.49388108,19.49388108,NA,NA,NA,NA,NA,NA
IC,NA,NA,NA,NA,NA,NA,NA,NA,22.48780322,22.48780322,22.48780322,22.48780322,22.48780322,NA,NA,NA
IC,NA,NA,NA,NA,NA,NA,18.26588787,NA,NA,NA,NA,NA,NA,NA,NA,NA
IC,NA,NA,NA,NA,NA,NA,NA,NA,NA,20.52149587,NA,NA,NA,NA,NA,NA
IC,NA,NA,20.37529227,20.37529227,20.37529227,NA,NA,NA,NA,NA,NA,NA,NA,NA,NA,NA
IC,NA,NA,NA,NA,NA,NA,NA,NA,NA,NA,NA,20.08359241,20.08359241,NA,NA,NA
IC,NA,NA,NA,NA,NA,NA,NA,NA,NA,NA,NA,18.91205276,18.91205276,NA,NA,NA
IC,NA,NA,NA,NA,NA,19.161941,NA,NA,NA,NA,NA,NA,NA,NA,NA,NA
IC,NA,NA,NA,19.76090787,19.76090787,19.76090787,19.76090787,19.76090787,NA,NA,NA,NA,NA,NA,NA,NA
IC,NA,NA,NA,17.43444791,NA,NA,NA,NA,NA,NA,NA,NA,NA,NA,NA,NA
IC,NA,NA,NA,18.67188783,18.67188783,18.67188783,18.67188783,NA,NA,NA,NA,NA,NA,NA,NA,NA
IC,NA,NA,NA,19.75629755,19.75629755,NA,NA,NA,NA,NA,NA,NA,NA,NA,NA,NA
IC,NA,NA,NA,NA,NA,NA,NA,NA,NA,NA,18.6257687,NA,NA,NA,NA,NA
IC,NA,NA,NA,NA,20.62101326,20.62101326,20.62101326,20.62101326,NA,NA,NA,NA,NA,NA,NA,NA
IC,NA,NA,NA,NA,NA,NA,NA,NA,NA,17.91850839,17.91850839,17.91850839,17.91850839,NA,NA,NA
IC,NA,NA,NA,19.30685923,19.30685923,19.30685923,19.30685923,19.30685923,19.30685923,NA,NA,NA,NA,NA,NA,NA
IC,NA,20.22634533,20.22634533,NA,NA,NA,NA,NA,NA,NA,NA,NA,NA,NA,NA,NA
IC,NA,NA,NA,19.26974799,19.26974799,NA,NA,NA,NA,NA,NA,NA,NA,NA,NA,NA
IC,NA,NA,NA,NA,18.18277081,18.18277081,NA,NA,NA,NA,NA,NA,NA,NA,NA,NA
IC,NA,NA,NA,NA,NA,20.36207389,NA,NA,NA,NA,NA,NA,NA,NA,NA,NA
IC,NA,NA,NA,NA,20.39419436,20.39419436,20.39419436,20.39419436,20.39419436,20.39419436,20.39419436,20.39419436,NA,NA,NA,NA
IC,NA,NA,NA,NA,NA,NA,NA,NA,NA,NA,19.05223535,19.05223535,NA,NA,NA,NA
IC,NA,NA,NA,18.07766034,18.07766034,18.07766034,NA,NA,NA,NA,NA,NA,NA,NA,NA,NA
IC,NA,NA,NA,NA,NA,NA,NA,NA,NA,NA,21.36875001,21.36875001,21.36875001,NA,NA,NA
IC,NA,NA,NA,NA,18.95029397,18.95029397,18.95029397,18.95029397,NA,NA,NA,NA,NA,NA,NA,NA
IC,NA,NA,NA,NA,NA,NA,NA,NA,NA,NA,NA,17.69940116,17.69940116,NA,NA,NA
IT,NA,18.15044139,18.15044139,18.15044139,18.15044139,18.15044139,NA,NA,NA,NA,NA,NA,NA,NA,NA,NA
IT,NA,21.31401217,21.31401217,21.31401217,21.31401217,21.31401217,21.31401217,21.31401217,21.31401217,21.31401217,NA,NA,NA,NA,NA,NA
IT,NA,NA,NA,NA,NA,23.2180614,23.2180614,NA,NA,NA,NA,NA,NA,NA,NA,NA
IT,NA,NA,NA,NA,NA,NA,NA,NA,NA,18.75153453,18.75153453,NA,NA,NA,NA,NA
IT,NA,NA,NA,NA,19.13497078,19.13497078,19.13497078,NA,NA,NA,NA,NA,NA,NA,NA,NA
IT,NA,NA,NA,NA,NA,NA,NA,NA,NA,NA,20.98576857,20.98576857,NA,NA,NA,NA
IT,NA,20.94267168,20.94267168,20.94267168,20.94267168,20.94267168,NA,NA,NA,NA,NA,NA,NA,NA,NA,NA
IT,NA,NA,NA,NA,NA,NA,NA,NA,NA,19.48027663,NA,NA,NA,NA,NA,NA
IT,NA,NA,NA,NA,NA,NA,NA,NA,NA,NA,NA,NA,NA,NA,NA,NA
IT,NA,NA,NA,NA,NA,NA,NA,21.53193069,NA,NA,NA,NA,NA,NA,NA,NA
IT,NA,NA,NA,NA,NA,NA,NA,NA,NA,22.00416486,22.00416486,NA,NA,NA,NA,NA
IT,NA,NA,NA,21.16672648,21.16672648,NA,NA,NA,NA,NA,NA,NA,NA,NA,NA,NA
IT,NA,20.06537978,20.06537978,20.06537978,20.06537978,NA,NA,NA,NA,NA,NA,NA,NA,NA,NA,NA
IT,NA,NA,NA,NA,NA,NA,NA,NA,NA,NA,NA,NA,NA,NA,NA,NA
IT,NA,NA,NA,NA,NA,NA,NA,NA,NA,21.54142723,NA,NA,NA,NA,NA,NA
IT,NA,NA,NA,NA,NA,NA,NA,NA,21.17751045,21.17751045,NA,NA,NA,NA,NA,NA
IT,NA,NA,NA,NA,NA,NA,NA,NA,NA,NA,NA,NA,20.95463973,NA,NA,NA
IT,NA,21.50705051,NA,NA,NA,NA,NA,NA,NA,NA,NA,NA,NA,NA,NA,NA
IT,NA,20.15954786,20.15954786,20.15954786,20.15954786,NA,NA,NA,NA,NA,NA,NA,NA,NA,NA,NA
IT,NA,NA,NA,NA,NA,NA,NA,NA,NA,NA,19.09344481,19.09344481,19.09344481,NA,NA,NA
IT,NA,NA,NA,NA,NA,NA,NA,NA,NA,NA,19.55325268,19.55325268,19.55325268,NA,NA,NA
IT,NA,NA,NA,NA,NA,NA,NA,19.40675738,NA,NA,NA,NA,NA,NA,NA,NA
IT,NA,NA,NA,21.61494473,21.61494473,NA,NA,NA,NA,NA,NA,NA,NA,NA,NA,NA
IT,NA,NA,NA,NA,NA,24.06066555,24.06066555,24.06066555,24.06066555,24.06066555,NA,NA,NA,NA,NA,NA
IT,NA,NA,NA,21.6194126,21.6194126,NA,NA,NA,NA,NA,NA,NA,NA,NA,NA,NA
IT,NA,17.53007549,NA,NA,NA,NA,NA,NA,NA,NA,NA,NA,NA,NA,NA,NA
IT,NA,NA,NA,NA,NA,21.07422183,NA,NA,NA,NA,NA,NA,NA,NA,NA,NA
IT,NA,NA,NA,NA,22.15208921,22.15208921,NA,NA,NA,NA,NA,NA,NA,NA,NA,NA
IT,NA,20.05400557,NA,NA,NA,NA,NA,NA,NA,NA,NA,NA,NA,NA,NA,NA
IT,NA,NA,NA,NA,NA,NA,23.41661739,23.41661739,23.41661739,NA,NA,NA,NA,NA,NA,NA
IT,NA,NA,NA,NA,22.38592922,NA,NA,NA,NA,NA,NA,NA,NA,NA,NA,NA
IT,NA,NA,NA,NA,NA,NA,NA,NA,NA,NA,NA,20.96099594,20.96099594,NA,NA,NA
IT,NA,18.78986212,18.78986212,18.78986212,NA,NA,NA,NA,NA,NA,NA,NA,NA,NA,NA,NA
IT,NA,NA,NA,NA,NA,NA,NA,NA,NA,NA,NA,NA,21.64870657,NA,NA,NA
IT,NA,NA,NA,NA,NA,NA,NA,NA,NA,NA,NA,NA,21.31133773,NA,NA,NA
IT,NA,NA,NA,NA,NA,20.30707031,NA,NA,NA,NA,NA,NA,NA,NA,NA,NA
IT,NA,20.11150693,20.11150693,20.11150693,20.11150693,20.11150693,NA,NA,NA,NA,NA,NA,NA,NA,NA,NA
IT,NA,17.72743889,NA,NA,NA,NA,NA,NA,NA,NA,NA,NA,NA,NA,NA,NA
IT,NA,NA,NA,NA,NA,NA,NA,NA,NA,NA,NA,NA,NA,NA,NA,NA
IT,NA,19.70356134,19.70356134,19.70356134,19.70356134,19.70356134,NA,NA,NA,NA,NA,NA,NA,NA,NA,NA
IT,NA,NA,NA,NA,NA,19.1289501,NA,NA,NA,NA,NA,NA,NA,NA,NA,NA
IT,NA,17.74351067,NA,NA,NA,NA,NA,NA,NA,NA,NA,NA,NA,NA,NA,NA
IT,NA,18.03148256,18.03148256,18.03148256,18.03148256,18.03148256,NA,NA,NA,NA,NA,NA,NA,NA,NA,NA
IT,NA,20.31599489,20.31599489,20.31599489,20.31599489,20.31599489,NA,NA,NA,NA,NA,NA,NA,NA,NA,NA
IT,NA,NA,NA,22.24392228,22.24392228,NA,NA,NA,NA,NA,NA,NA,NA,NA,NA,NA
IT,NA,NA,NA,22.62756905,22.62756905,22.62756905,NA,NA,NA,NA,NA,NA,NA,NA,NA,NA
IT,NA,NA,NA,NA,21.21561819,21.21561819,NA,NA,NA,NA,NA,NA,NA,NA,NA,NA
IT,NA,NA,NA,NA,NA,NA,NA,NA,NA,NA,NA,NA,NA,NA,NA,NA
IT,NA,18.40516259,NA,NA,NA,NA,NA,NA,NA,NA,NA,NA,NA,NA,NA,NA
IT,NA,NA,NA,NA,NA,NA,NA,NA,NA,NA,NA,NA,NA,NA,NA,NA
IT,NA,NA,NA,NA,22.77493002,NA,NA,NA,NA,NA,NA,NA,NA,NA,NA,NA
IT,NA,NA,NA,NA,NA,NA,NA,NA,20.125863,NA,NA,NA,NA,NA,NA,NA
IT,NA,NA,NA,NA,NA,21.13975783,21.13975783,NA,NA,NA,NA,NA,NA,NA,NA,NA
IT,NA,NA,NA,NA,NA,NA,NA,NA,NA,NA,20.18260869,20.18260869,NA,NA,NA,NA
IT,NA,NA,NA,NA,NA,NA,NA,NA,NA,NA,NA,19.66642143,NA,NA,NA,NA
IT,NA,NA,NA,NA,NA,NA,NA,NA,NA,NA,20.80630786,20.80630786,NA,NA,NA,NA
IT,NA,NA,NA,NA,NA,NA,NA,NA,NA,NA,NA,20.68647557,NA,NA,NA,NA
IT,NA,NA,NA,NA,NA,NA,NA,NA,NA,NA,NA,NA,20.31641651,NA,NA,NA
IT,NA,NA,NA,NA,NA,NA,NA,NA,NA,NA,NA,NA,NA,NA,NA,NA
IT,NA,NA,NA,NA,NA,22.12078002,22.12078002,22.12078002,NA,NA,NA,NA,NA,NA,NA,NA
IT,NA,19.76555177,NA,NA,NA,NA,NA,NA,NA,NA,NA,NA,NA,NA,NA,NA
IT,NA,NA,NA,NA,20.25873425,NA,NA,NA,NA,NA,NA,NA,NA,NA,NA,NA
IT,NA,NA,NA,NA,NA,20.08187195,NA,NA,NA,NA,NA,NA,NA,NA,NA,NA
IT,NA,21.34319104,21.34319104,21.34319104,NA,NA,NA,NA,NA,NA,NA,NA,NA,NA,NA,NA
IT,NA,18.47677613,18.47677613,NA,NA,NA,NA,NA,NA,NA,NA,NA,NA,NA,NA,NA
IT,NA,NA,NA,NA,NA,NA,NA,NA,NA,NA,NA,NA,NA,NA,NA,NA
IT,NA,NA,NA,NA,NA,NA,NA,NA,NA,NA,21.15776048,21.15776048,21.15776048,NA,NA,NA
IT,NA,NA,NA,NA,23.00100642,NA,NA,NA,NA,NA,NA,NA,NA,NA,NA,NA
IT,NA,NA,NA,NA,NA,NA,NA,NA,NA,NA,NA,20.15124037,NA,NA,NA,NA
IT,NA,NA,NA,NA,NA,NA,NA,NA,NA,NA,NA,NA,25.8922532,NA,NA,NA
IT,NA,NA,NA,NA,22.79316994,NA,NA,NA,NA,NA,NA,NA,NA,NA,NA,NA
IT,NA,NA,NA,21.45138274,NA,NA,NA,NA,NA,NA,NA,NA,NA,NA,NA,NA
IT,NA,NA,NA,NA,21.53842795,21.53842795,NA,NA,NA,NA,NA,NA,NA,NA,NA,NA
IT,NA,NA,NA,22.77497526,22.77497526,22.77497526,NA,NA,NA,NA,NA,NA,NA,NA,NA,NA
IT,NA,NA,NA,NA,20.87353288,20.87353288,NA,NA,NA,NA,NA,NA,NA,NA,NA,NA
IT,NA,NA,NA,NA,20.61501753,NA,NA,NA,NA,NA,NA,NA,NA,NA,NA,NA
IT,NA,NA,NA,NA,NA,NA,NA,NA,NA,NA,NA,NA,24.96815363,NA,NA,NA
IT,NA,NA,NA,NA,NA,NA,NA,NA,NA,20.24217045,NA,NA,NA,NA,NA,NA
IT,NA,NA,NA,NA,NA,NA,NA,NA,NA,22.26809462,22.26809462,22.26809462,NA,NA,NA,NA
IT,NA,NA,NA,NA,NA,NA,NA,NA,NA,21.397232,NA,NA,NA,NA,NA,NA
IT,NA,NA,NA,NA,23.18633186,NA,NA,NA,NA,NA,NA,NA,NA,NA,NA,NA
IT,NA,NA,NA,21.80952183,21.80952183,21.80952183,NA,NA,NA,NA,NA,NA,NA,NA,NA,NA
IT,NA,NA,NA,NA,NA,NA,NA,NA,NA,NA,NA,NA,NA,NA,NA,NA
IT,NA,NA,NA,NA,NA,NA,24.16652901,NA,NA,NA,NA,NA,NA,NA,NA,NA
IT,NA,NA,NA,NA,NA,NA,NA,NA,NA,NA,NA,NA,NA,NA,NA,NA
IT,NA,NA,NA,NA,NA,NA,NA,NA,NA,NA,NA,NA,21.35614691,NA,NA,NA
IT,NA,18.9415154,NA,NA,NA,NA,NA,NA,NA,NA,NA,NA,NA,NA,NA,NA
IT,NA,NA,NA,NA,NA,22.16166852,22.16166852,22.16166852,NA,NA,NA,NA,NA,NA,NA,NA
IT,NA,NA,NA,NA,20.69434542,NA,NA,NA,NA,NA,NA,NA,NA,NA,NA,NA
IT,NA,NA,NA,NA,22.97859152,22.97859152,22.97859152,22.97859152,22.97859152,NA,NA,NA,NA,NA,NA,NA
IT,NA,NA,NA,NA,22.11768703,NA,NA,NA,NA,NA,NA,NA,NA,NA,NA,NA
IT,NA,NA,NA,NA,NA,NA,23.37821912,NA,NA,NA,NA,NA,NA,NA,NA,NA
IT,NA,NA,NA,NA,NA,NA,NA,NA,NA,NA,21.23320043,21.23320043,21.23320043,NA,NA,NA
IT,NA,NA,NA,NA,22.01803817,NA,NA,NA,NA,NA,NA,NA,NA,NA,NA,NA
IT,NA,16.26291355,NA,NA,NA,NA,NA,NA,NA,NA,NA,NA,NA,NA,NA,NA
IT,NA,NA,NA,NA,NA,NA,NA,NA,23.10315361,NA,NA,NA,NA,NA,NA,NA
IT,NA,17.51183076,17.51183076,17.51183076,17.51183076,17.51183076,NA,NA,NA,NA,NA,NA,NA,NA,NA,NA
IT,NA,NA,NA,23.52379355,23.52379355,23.52379355,NA,NA,NA,NA,NA,NA,NA,NA,NA,NA
IT,NA,NA,NA,21.13742227,NA,NA,NA,NA,NA,NA,NA,NA,NA,NA,NA,NA
IT,NA,19.26738772,NA,NA,NA,NA,NA,NA,NA,NA,NA,NA,NA,NA,NA,NA
IT,NA,NA,NA,NA,20.30367105,NA,NA,NA,NA,NA,NA,NA,NA,NA,NA,NA
IT,NA,NA,NA,NA,NA,NA,NA,NA,NA,NA,23.0610566,23.0610566,23.0610566,NA,NA,NA
IT,NA,NA,NA,NA,NA,NA,NA,NA,NA,20.4369744,20.4369744,NA,NA,NA,NA,NA
IT,NA,NA,NA,NA,NA,NA,NA,NA,NA,20.38748451,NA,NA,NA,NA,NA,NA
IT,NA,NA,NA,NA,NA,NA,NA,NA,18.92672966,18.92672966,NA,NA,NA,NA,NA,NA
IT,NA,NA,NA,NA,NA,NA,NA,NA,NA,21.17995181,21.17995181,21.17995181,21.17995181,NA,NA,NA
IT,NA,NA,NA,NA,NA,NA,NA,NA,NA,NA,20.76320978,NA,NA,NA,NA,NA
IT,NA,NA,NA,NA,NA,NA,NA,NA,NA,NA,19.60399958,NA,NA,NA,NA,NA
IT,NA,NA,NA,NA,NA,21.40420669,21.40420669,NA,NA,NA,NA,NA,NA,NA,NA,NA
IT,NA,NA,NA,NA,NA,NA,NA,NA,NA,NA,19.41603665,19.41603665,19.41603665,NA,NA,NA
IT,NA,NA,NA,NA,NA,NA,NA,NA,NA,NA,20.73254778,20.73254778,NA,NA,NA,NA
IT,NA,NA,NA,20.73541789,NA,NA,NA,NA,NA,NA,NA,NA,NA,NA,NA,NA
IT,NA,NA,NA,NA,NA,NA,NA,NA,NA,NA,NA,NA,NA,NA,NA,NA
IT,NA,NA,NA,NA,NA,NA,NA,NA,NA,NA,NA,NA,NA,NA,NA,NA
IT,NA,NA,NA,NA,NA,NA,21.74509093,21.74509093,21.74509093,21.74509093,21.74509093,NA,NA,NA,NA,NA
IT,NA,NA,NA,NA,NA,19.12055677,NA,NA,NA,NA,NA,NA,NA,NA,NA,NA
IT,NA,NA,NA,NA,NA,NA,NA,NA,21.62184723,NA,NA,NA,NA,NA,NA,NA
IT,NA,NA,NA,NA,NA,NA,NA,NA,22.40824586,22.40824586,22.40824586,22.40824586,22.40824586,NA,NA,NA
IT,NA,NA,NA,NA,21.03110798,NA,NA,NA,NA,NA,NA,NA,NA,NA,NA,NA
IT,NA,NA,NA,NA,NA,NA,NA,NA,NA,NA,NA,21.38930882,21.38930882,NA,NA,NA
IT,NA,NA,NA,NA,NA,NA,19.89267555,NA,NA,NA,NA,NA,NA,NA,NA,NA
IT,NA,NA,NA,NA,NA,NA,19.80117271,NA,NA,NA,NA,NA,NA,NA,NA,NA
IT,NA,17.16256183,NA,NA,NA,NA,NA,NA,NA,NA,NA,NA,NA,NA,NA,NA
IT,NA,18.87366172,18.87366172,NA,NA,NA,NA,NA,NA,NA,NA,NA,NA,NA,NA,NA
IT,NA,NA,NA,NA,NA,NA,NA,NA,NA,NA,18.24161257,NA,NA,NA,NA,NA
IT,NA,NA,NA,NA,NA,NA,NA,22.9839174,NA,NA,NA,NA,NA,NA,NA,NA
IT,NA,19.36034283,NA,NA,NA,NA,NA,NA,NA,NA,NA,NA,NA,NA,NA,NA
IT,NA,NA,NA,22.68531626,22.68531626,22.68531626,22.68531626,NA,NA,NA,NA,NA,NA,NA,NA,NA
IT,NA,NA,NA,NA,20.90915371,NA,NA,NA,NA,NA,NA,NA,NA,NA,NA,NA
IT,NA,NA,NA,22.09058326,22.09058326,NA,NA,NA,NA,NA,NA,NA,NA,NA,NA,NA
IT,NA,NA,NA,NA,22.31465797,22.31465797,NA,NA,NA,NA,NA,NA,NA,NA,NA,NA
IT,NA,18.63255553,NA,NA,NA,NA,NA,NA,NA,NA,NA,NA,NA,NA,NA,NA
IT,NA,22.37716496,22.37716496,22.37716496,NA,NA,NA,NA,NA,NA,NA,NA,NA,NA,NA,NA
IT,NA,NA,NA,NA,NA,NA,NA,NA,NA,21.71053157,21.71053157,21.71053157,21.71053157,NA,NA,NA
IT,NA,19.01107705,19.01107705,NA,NA,NA,NA,NA,NA,NA,NA,NA,NA,NA,NA,NA
IT,NA,NA,NA,NA,NA,NA,NA,19.72147687,NA,NA,NA,NA,NA,NA,NA,NA
IT,NA,NA,NA,NA,NA,NA,NA,NA,NA,NA,NA,NA,20.25446779,NA,NA,NA
IT,NA,NA,NA,NA,NA,NA,NA,NA,NA,NA,NA,NA,21.69806584,NA,NA,NA
IT,NA,NA,NA,NA,NA,NA,NA,NA,NA,NA,NA,NA,23.18672697,NA,NA,NA
IT,NA,NA,NA,NA,NA,NA,NA,NA,NA,NA,NA,NA,24.61928632,NA,NA,NA
IT,NA,NA,NA,NA,NA,NA,NA,NA,NA,NA,NA,NA,21.16891095,NA,NA,NA
IT,NA,NA,NA,NA,NA,NA,NA,NA,NA,NA,NA,NA,NA,NA,NA,NA
IT,NA,NA,NA,NA,NA,NA,20.29259555,20.29259555,20.29259555,NA,NA,NA,NA,NA,NA,NA
IT,NA,NA,NA,NA,NA,NA,NA,NA,NA,NA,NA,20.82040841,20.82040841,NA,NA,NA
IT,NA,NA,NA,NA,NA,NA,NA,NA,NA,NA,NA,NA,20.50601168,NA,NA,NA
IT,NA,NA,NA,NA,NA,NA,NA,NA,NA,NA,NA,NA,20.48994615,NA,NA,NA
IT,NA,NA,NA,NA,NA,NA,18.98765005,18.98765005,NA,NA,NA,NA,NA,NA,NA,NA
IT,NA,NA,NA,NA,NA,NA,NA,NA,23.69841773,23.69841773,23.69841773,23.69841773,23.69841773,NA,NA,NA
IT,NA,NA,NA,NA,NA,NA,NA,NA,NA,NA,NA,18.89423645,18.89423645,NA,NA,NA
IT,NA,NA,NA,NA,NA,NA,NA,NA,NA,22.67508561,22.67508561,22.67508561,22.67508561,NA,NA,NA
IT,NA,NA,NA,NA,NA,24.30790261,NA,NA,NA,NA,NA,NA,NA,NA,NA,NA
IT,NA,NA,NA,NA,NA,NA,NA,NA,21.1794634,21.1794634,NA,NA,NA,NA,NA,NA
IT,NA,NA,NA,NA,NA,NA,NA,NA,NA,NA,18.84041134,18.84041134,18.84041134,NA,NA,NA
IT,NA,20.06474443,NA,NA,NA,NA,NA,NA,NA,NA,NA,NA,NA,NA,NA,NA
IT,NA,NA,NA,21.43811169,NA,NA,NA,NA,NA,NA,NA,NA,NA,NA,NA,NA
IT,NA,NA,NA,NA,NA,NA,NA,NA,NA,NA,NA,NA,NA,NA,NA,NA
IT,NA,NA,NA,NA,NA,NA,NA,21.98376818,NA,NA,NA,NA,NA,NA,NA,NA
IT,NA,NA,NA,NA,NA,NA,NA,20.68797247,20.68797247,20.68797247,20.68797247,20.68797247,20.68797247,NA,NA,NA
IT,NA,20.92287372,NA,NA,NA,NA,NA,NA,NA,NA,NA,NA,NA,NA,NA,NA
IT,NA,NA,NA,22.15436373,22.15436373,22.15436373,NA,NA,NA,NA,NA,NA,NA,NA,NA,NA
IT,NA,NA,NA,NA,NA,NA,NA,NA,NA,NA,NA,NA,NA,NA,NA,NA
IT,NA,NA,NA,21.17957942,21.17957942,21.17957942,NA,NA,NA,NA,NA,NA,NA,NA,NA,NA
IT,NA,18.7057484,18.7057484,18.7057484,18.7057484,18.7057484,NA,NA,NA,NA,NA,NA,NA,NA,NA,NA
IT,NA,NA,NA,NA,21.39360988,21.39360988,NA,NA,NA,NA,NA,NA,NA,NA,NA,NA
IT,NA,NA,NA,NA,NA,NA,NA,NA,NA,NA,NA,NA,NA,NA,NA,NA
IT,NA,NA,NA,NA,NA,NA,NA,NA,NA,NA,19.96541682,19.96541682,19.96541682,NA,NA,NA
IT,NA,NA,NA,NA,NA,NA,NA,NA,NA,NA,19.75795557,19.75795557,19.75795557,NA,NA,NA
IT,NA,NA,NA,NA,NA,NA,NA,NA,NA,20.02351779,20.02351779,20.02351779,NA,NA,NA,NA
IT,NA,NA,NA,20.96236355,20.96236355,NA,NA,NA,NA,NA,NA,NA,NA,NA,NA,NA
IT,NA,NA,NA,21.05313613,NA,NA,NA,NA,NA,NA,NA,NA,NA,NA,NA,NA
IT,NA,NA,NA,NA,NA,19.37643166,NA,NA,NA,NA,NA,NA,NA,NA,NA,NA
IT,NA,NA,NA,NA,21.83340085,21.83340085,21.83340085,NA,NA,NA,NA,NA,NA,NA,NA,NA
IT,NA,NA,NA,22.52371218,NA,NA,NA,NA,NA,NA,NA,NA,NA,NA,NA,NA
IT,NA,NA,NA,21.9751495,21.9751495,NA,NA,NA,NA,NA,NA,NA,NA,NA,NA,NA
IT,NA,NA,NA,NA,22.93115441,NA,NA,NA,NA,NA,NA,NA,NA,NA,NA,NA
IT,NA,NA,NA,22.63651126,22.63651126,NA,NA,NA,NA,NA,NA,NA,NA,NA,NA,NA
IT,NA,NA,NA,NA,NA,NA,NA,NA,NA,NA,NA,NA,NA,NA,NA,NA
IT,NA,NA,NA,22.49743558,22.49743558,NA,NA,NA,NA,NA,NA,NA,NA,NA,NA,NA
IT,NA,NA,NA,NA,NA,NA,NA,NA,NA,NA,NA,22.5129382,22.5129382,NA,NA,NA
IT,NA,NA,NA,NA,NA,NA,NA,NA,NA,NA,NA,NA,18.85334129,NA,NA,NA
IT,NA,NA,NA,NA,NA,NA,NA,NA,NA,NA,NA,NA,21.02751443,NA,NA,NA
IT,NA,NA,NA,NA,NA,NA,NA,NA,NA,NA,20.4130391,NA,NA,NA,NA,NA
IT,NA,NA,NA,NA,20.90396626,NA,NA,NA,NA,NA,NA,NA,NA,NA,NA,NA
IT,NA,18.83380789,NA,NA,NA,NA,NA,NA,NA,NA,NA,NA,NA,NA,NA,NA
IT,NA,NA,NA,NA,21.46654186,NA,NA,NA,NA,NA,NA,NA,NA,NA,NA,NA
IT,NA,NA,NA,NA,20.08360187,20.08360187,NA,NA,NA,NA,NA,NA,NA,NA,NA,NA
IT,NA,NA,NA,21.15460299,21.15460299,NA,NA,NA,NA,NA,NA,NA,NA,NA,NA,NA
IT,NA,20.51120127,20.51120127,NA,NA,NA,NA,NA,NA,NA,NA,NA,NA,NA,NA,NA
IT,NA,NA,NA,NA,21.3763602,NA,NA,NA,NA,NA,NA,NA,NA,NA,NA,NA
IT,NA,NA,NA,NA,20.26681859,NA,NA,NA,NA,NA,NA,NA,NA,NA,NA,NA
IT,NA,NA,NA,NA,NA,20.16175593,NA,NA,NA,NA,NA,NA,NA,NA,NA,NA
IT,NA,NA,NA,NA,NA,NA,NA,NA,NA,NA,NA,NA,NA,NA,NA,NA
IT,NA,NA,NA,NA,NA,23.86623972,NA,NA,NA,NA,NA,NA,NA,NA,NA,NA
IT,NA,NA,NA,NA,NA,20.95900051,NA,NA,NA,NA,NA,NA,NA,NA,NA,NA
IT,NA,NA,NA,NA,NA,NA,NA,NA,NA,NA,NA,21.23583822,NA,NA,NA,NA
IT,NA,20.31301554,20.31301554,NA,NA,NA,NA,NA,NA,NA,NA,NA,NA,NA,NA,NA
IT,NA,NA,NA,NA,20.5964419,20.5964419,NA,NA,NA,NA,NA,NA,NA,NA,NA,NA
IT,NA,NA,NA,NA,21.51450885,NA,NA,NA,NA,NA,NA,NA,NA,NA,NA,NA
IT,NA,NA,NA,NA,NA,NA,NA,NA,NA,NA,NA,NA,NA,NA,NA,NA
IT,NA,NA,NA,NA,20.64493449,NA,NA,NA,NA,NA,NA,NA,NA,NA,NA,NA
IT,NA,NA,NA,NA,NA,NA,NA,NA,20.2823183,20.2823183,NA,NA,NA,NA,NA,NA
IT,NA,19.09316662,19.09316662,NA,NA,NA,NA,NA,NA,NA,NA,NA,NA,NA,NA,NA
IT,NA,20.73740648,NA,NA,NA,NA,NA,NA,NA,NA,NA,NA,NA,NA,NA,NA
IT,NA,NA,NA,NA,NA,NA,NA,NA,NA,NA,NA,NA,NA,NA,NA,NA
IT,NA,NA,NA,NA,NA,18.9825494,NA,NA,NA,NA,NA,NA,NA,NA,NA,NA
IT,NA,NA,NA,NA,NA,21.54422459,21.54422459,NA,NA,NA,NA,NA,NA,NA,NA,NA
IT,NA,20.33342937,20.33342937,20.33342937,20.33342937,NA,NA,NA,NA,NA,NA,NA,NA,NA,NA,NA
IT,NA,19.37352108,NA,NA,NA,NA,NA,NA,NA,NA,NA,NA,NA,NA,NA,NA
IT,NA,NA,NA,NA,NA,NA,NA,NA,NA,NA,18.68872206,18.68872206,18.68872206,NA,NA,NA
IT,NA,NA,NA,NA,NA,NA,NA,NA,19.31743765,19.31743765,NA,NA,NA,NA,NA,NA
IT,NA,NA,NA,NA,NA,NA,NA,NA,NA,21.63684562,21.63684562,21.63684562,21.63684562,NA,NA,NA
IT,NA,NA,NA,NA,NA,NA,NA,NA,NA,NA,NA,NA,NA,NA,NA,NA
IT,NA,NA,NA,NA,NA,NA,NA,NA,NA,19.5910807,19.5910807,NA,NA,NA,NA,NA
IT,NA,NA,NA,NA,NA,NA,NA,NA,NA,18.99784072,18.99784072,NA,NA,NA,NA,NA
IT,NA,NA,NA,NA,20.82590455,NA,NA,NA,NA,NA,NA,NA,NA,NA,NA,NA
IT,NA,NA,NA,NA,NA,NA,NA,NA,NA,NA,NA,19.0359285,NA,NA,NA,NA
IT,NA,NA,NA,NA,NA,NA,NA,NA,NA,NA,NA,NA,21.8274995,NA,NA,NA
IT,NA,NA,NA,NA,NA,NA,21.09505271,21.09505271,NA,NA,NA,NA,NA,NA,NA,NA
IT,NA,NA,NA,NA,NA,NA,NA,22.96753276,22.96753276,NA,NA,NA,NA,NA,NA,NA
IT,NA,NA,NA,NA,NA,NA,NA,20.68873202,20.68873202,20.68873202,20.68873202,20.68873202,20.68873202,NA,NA,NA
IT,NA,NA,NA,NA,NA,NA,NA,NA,NA,NA,NA,NA,19.17037624,NA,NA,NA
IT,NA,NA,NA,NA,NA,NA,NA,NA,NA,NA,NA,21.08326526,NA,NA,NA,NA
IT,NA,18.62216105,NA,NA,NA,NA,NA,NA,NA,NA,NA,NA,NA,NA,NA,NA
IT,NA,NA,NA,NA,21.08433032,21.08433032,21.08433032,NA,NA,NA,NA,NA,NA,NA,NA,NA
IT,NA,NA,NA,NA,20.18019654,NA,NA,NA,NA,NA,NA,NA,NA,NA,NA,NA
IT,NA,NA,NA,21.32338903,21.32338903,21.32338903,NA,NA,NA,NA,NA,NA,NA,NA,NA,NA
IT,NA,NA,NA,20.911779,NA,NA,NA,NA,NA,NA,NA,NA,NA,NA,NA,NA
IT,NA,NA,NA,NA,NA,NA,NA,NA,NA,NA,NA,NA,NA,NA,NA,NA
IT,NA,NA,NA,NA,19.42378126,19.42378126,19.42378126,19.42378126,19.42378126,19.42378126,19.42378126,19.42378126,19.42378126,NA,NA,NA
IT,NA,19.34512152,NA,NA,NA,NA,NA,NA,NA,NA,NA,NA,NA,NA,NA,NA
IT,NA,NA,NA,NA,NA,NA,NA,NA,NA,NA,NA,NA,NA,NA,NA,NA
IT,NA,NA,NA,22.56597529,22.56597529,22.56597529,22.56597529,NA,NA,NA,NA,NA,NA,NA,NA,NA
IT,NA,NA,NA,NA,NA,NA,NA,NA,NA,NA,NA,NA,20.94207346,NA,NA,NA
IT,NA,NA,NA,NA,NA,NA,NA,NA,NA,NA,NA,21.08652104,21.08652104,NA,NA,NA
IT,NA,NA,NA,NA,NA,NA,NA,NA,NA,NA,NA,NA,21.14894397,NA,NA,NA
IT,NA,NA,NA,NA,NA,NA,NA,NA,NA,NA,NA,18.82156369,18.82156369,NA,NA,NA
IT,NA,NA,NA,NA,NA,NA,NA,NA,NA,NA,NA,19.25868451,19.25868451,NA,NA,NA
IT,NA,NA,NA,NA,NA,NA,NA,NA,NA,NA,NA,20.14124306,20.14124306,NA,NA,NA
IT,NA,NA,NA,NA,NA,NA,NA,NA,NA,NA,NA,22.7340469,22.7340469,NA,NA,NA
IT,NA,NA,NA,NA,NA,NA,NA,NA,NA,NA,18.79651139,18.79651139,NA,NA,NA,NA
IT,NA,NA,NA,NA,NA,NA,NA,NA,NA,NA,NA,NA,20.96471867,NA,NA,NA
IT,NA,NA,NA,NA,NA,NA,NA,NA,NA,NA,NA,NA,NA,NA,NA,NA
IT,NA,NA,NA,NA,NA,NA,NA,NA,NA,NA,NA,NA,21.32444922,NA,NA,NA
IT,NA,NA,NA,NA,NA,NA,NA,NA,NA,NA,NA,NA,22.42508966,NA,NA,NA
IT,NA,NA,NA,NA,NA,NA,NA,NA,NA,NA,NA,NA,19.03294343,NA,NA,NA
IT,NA,NA,NA,21.11800429,21.11800429,NA,NA,NA,NA,NA,NA,NA,NA,NA,NA,NA
IT,NA,NA,NA,NA,NA,NA,NA,NA,NA,NA,NA,NA,21.13854018,NA,NA,NA
IT,NA,NA,NA,NA,19.33737469,NA,NA,NA,NA,NA,NA,NA,NA,NA,NA,NA
IT,NA,NA,NA,NA,NA,NA,NA,NA,NA,23.95354748,NA,NA,NA,NA,NA,NA
IT,NA,20.44481461,20.44481461,20.44481461,NA,NA,NA,NA,NA,NA,NA,NA,NA,NA,NA,NA
IT,NA,NA,NA,NA,NA,20.51622602,NA,NA,NA,NA,NA,NA,NA,NA,NA,NA
IT,NA,NA,NA,NA,20.5094884,20.5094884,NA,NA,NA,NA,NA,NA,NA,NA,NA,NA
IT,NA,18.31471434,NA,NA,NA,NA,NA,NA,NA,NA,NA,NA,NA,NA,NA,NA
IT,NA,NA,NA,NA,20.07629023,20.07629023,NA,NA,NA,NA,NA,NA,NA,NA,NA,NA
IT,NA,NA,NA,NA,NA,NA,NA,NA,NA,19.91891386,19.91891386,19.91891386,19.91891386,NA,NA,NA
IT,NA,NA,NA,NA,NA,19.72676523,NA,NA,NA,NA,NA,NA,NA,NA,NA,NA
IT,NA,NA,NA,NA,NA,NA,NA,NA,NA,NA,NA,26.52046922,NA,NA,NA,NA
IT,NA,NA,NA,NA,NA,NA,NA,NA,NA,NA,20.67851677,NA,NA,NA,NA,NA
IT,NA,NA,27.80344924,27.80344924,NA,NA,NA,NA,NA,NA,NA,NA,NA,NA,NA,NA
IT,NA,22.89909134,22.89909134,22.89909134,NA,NA,NA,NA,NA,NA,NA,NA,NA,NA,NA,NA
IT,NA,NA,NA,NA,NA,NA,NA,NA,NA,NA,NA,NA,NA,NA,NA,NA
IT,NA,NA,NA,NA,NA,NA,NA,NA,NA,NA,19.70276563,19.70276563,19.70276563,NA,NA,NA
IT,NA,NA,NA,NA,NA,NA,NA,NA,NA,NA,19.66450768,19.66450768,NA,NA,NA,NA
IT,NA,NA,NA,NA,NA,NA,NA,NA,NA,NA,NA,NA,NA,NA,NA,NA
IT,NA,NA,NA,NA,22.87866497,22.87866497,NA,NA,NA,NA,NA,NA,NA,NA,NA,NA
IT,NA,NA,NA,NA,NA,NA,NA,NA,NA,NA,NA,NA,NA,NA,NA,NA
IT,NA,NA,NA,NA,NA,NA,NA,NA,NA,NA,NA,NA,NA,NA,NA,NA
IT,NA,NA,NA,NA,NA,NA,NA,NA,NA,NA,NA,NA,NA,NA,NA,NA
IT,NA,NA,NA,NA,NA,NA,NA,NA,NA,NA,NA,NA,NA,NA,NA,NA
IT,NA,NA,NA,20.2197362,20.2197362,20.2197362,NA,NA,NA,NA,NA,NA,NA,NA,NA,NA
IT,NA,NA,NA,NA,20.2871453,20.2871453,NA,NA,NA,NA,NA,NA,NA,NA,NA,NA
IT,NA,NA,NA,21.12706031,21.12706031,NA,NA,NA,NA,NA,NA,NA,NA,NA,NA,NA
IT,NA,NA,NA,NA,21.32812451,21.32812451,NA,NA,NA,NA,NA,NA,NA,NA,NA,NA
IT,NA,NA,NA,NA,NA,20.16549909,NA,NA,NA,NA,NA,NA,NA,NA,NA,NA
IT,NA,NA,NA,NA,NA,21.59777076,NA,NA,NA,NA,NA,NA,NA,NA,NA,NA
IT,NA,NA,NA,NA,NA,20.1741002,NA,NA,NA,NA,NA,NA,NA,NA,NA,NA
IT,NA,NA,NA,NA,NA,NA,NA,NA,21.32111273,21.32111273,NA,NA,NA,NA,NA,NA
IT,NA,NA,NA,NA,NA,18.69017615,NA,NA,NA,NA,NA,NA,NA,NA,NA,NA
IT,NA,19.52795068,19.52795068,19.52795068,19.52795068,19.52795068,NA,NA,NA,NA,NA,NA,NA,NA,NA,NA
CL,NA,NA,NA,NA,NA,NA,NA,NA,NA,NA,NA,NA,NA,22.25971932,NA,NA
CL,NA,NA,NA,NA,NA,NA,NA,NA,NA,NA,NA,NA,NA,21.13869054,NA,NA
CL,NA,NA,NA,NA,NA,NA,NA,NA,NA,NA,NA,NA,NA,20.91766857,NA,NA
CL,NA,NA,NA,NA,NA,NA,NA,NA,NA,NA,NA,NA,NA,19.70218393,NA,NA
CL,NA,NA,NA,NA,NA,NA,NA,NA,NA,NA,NA,NA,NA,19.47119454,NA,NA
CL,NA,NA,NA,NA,NA,NA,NA,NA,NA,NA,NA,NA,NA,20.87916293,NA,NA
CL,NA,NA,NA,NA,NA,NA,NA,NA,NA,NA,NA,NA,NA,21.18546356,NA,NA
CL,NA,NA,NA,NA,NA,NA,NA,NA,NA,NA,NA,NA,NA,20.33336768,NA,NA
CL,NA,NA,NA,NA,NA,NA,NA,NA,NA,NA,NA,NA,NA,20.48448326,NA,NA
CL,NA,NA,NA,NA,NA,NA,NA,NA,NA,NA,NA,NA,NA,19.29571363,NA,NA
CL,NA,NA,NA,NA,NA,NA,NA,NA,NA,NA,NA,NA,NA,20.59071458,NA,NA
CL,NA,NA,NA,NA,NA,NA,NA,NA,NA,NA,NA,NA,NA,21.36262067,NA,NA
CL,NA,NA,NA,NA,NA,NA,NA,NA,NA,NA,NA,NA,NA,20.02151246,NA,NA
CL,NA,NA,NA,NA,NA,NA,NA,NA,NA,NA,NA,NA,NA,21.81792737,NA,NA
CL,NA,NA,NA,NA,NA,NA,NA,NA,NA,NA,NA,NA,NA,20.97012123,NA,NA
CL,NA,NA,NA,NA,NA,NA,NA,NA,NA,NA,NA,NA,NA,21.66106636,NA,NA
CL,NA,NA,NA,NA,NA,NA,NA,NA,NA,NA,NA,NA,NA,22.55202242,NA,NA
CL,NA,NA,NA,NA,NA,NA,NA,NA,NA,NA,NA,NA,NA,21.92130419,NA,NA
CL,NA,NA,NA,NA,NA,NA,NA,NA,NA,NA,NA,NA,NA,20.68756701,NA,NA
CL,NA,NA,NA,NA,NA,NA,NA,NA,NA,NA,NA,NA,NA,20.8422927,NA,NA
CL,NA,NA,NA,NA,NA,NA,NA,NA,NA,NA,NA,NA,NA,21.08283618,NA,NA
TB,NA,NA,NA,NA,NA,NA,NA,NA,NA,NA,NA,NA,NA,NA,22.39999511,NA
TB,NA,NA,NA,NA,NA,NA,NA,NA,NA,NA,NA,NA,NA,NA,21.59098035,NA
TB,NA,NA,NA,NA,NA,NA,NA,NA,NA,NA,NA,NA,NA,NA,22.9948558,NA
TB,NA,NA,NA,NA,NA,NA,NA,NA,NA,NA,NA,NA,NA,NA,22.65259498,NA
TB,NA,NA,NA,NA,NA,NA,NA,NA,NA,NA,NA,NA,NA,NA,21.53008759,NA
TB,NA,NA,NA,NA,NA,NA,NA,NA,NA,NA,NA,NA,NA,NA,19.88765392,NA
TB,NA,NA,NA,NA,NA,NA,NA,NA,NA,NA,NA,NA,NA,NA,21.59448575,NA
TB,NA,NA,NA,NA,NA,NA,NA,NA,NA,NA,NA,NA,NA,NA,22.05645261,NA
TB,NA,NA,NA,NA,NA,NA,NA,NA,NA,NA,NA,NA,NA,NA,22.39754932,NA
TB,NA,NA,NA,NA,NA,NA,NA,NA,NA,NA,NA,NA,NA,NA,22.26537997,NA
TB,NA,NA,NA,NA,NA,NA,NA,NA,NA,NA,NA,NA,NA,NA,21.94919743,NA
TB,NA,NA,NA,NA,NA,NA,NA,NA,NA,NA,NA,NA,NA,NA,22.59925732,NA
TB,NA,NA,NA,NA,NA,NA,NA,NA,NA,NA,NA,NA,NA,NA,23.10249017,NA
TB,NA,NA,NA,NA,NA,NA,NA,NA,NA,NA,NA,NA,NA,NA,23.54857657,NA
TB,NA,NA,NA,NA,NA,NA,NA,NA,NA,NA,NA,NA,NA,NA,22.82155482,NA
TB,NA,NA,NA,NA,NA,NA,NA,NA,NA,NA,NA,NA,NA,NA,22.09093941,NA
TB,NA,NA,NA,NA,NA,NA,NA,NA,NA,NA,NA,NA,NA,NA,25.76698595,NA
TB,NA,NA,NA,NA,NA,NA,NA,NA,NA,NA,NA,NA,NA,NA,23.80892882,NA
TB,NA,NA,NA,NA,NA,NA,NA,NA,NA,NA,NA,NA,NA,NA,20.91344271,NA
TL,NA,NA,NA,NA,NA,NA,NA,NA,NA,NA,NA,NA,NA,NA,NA,22.08890755
TL,NA,NA,NA,NA,NA,NA,NA,NA,NA,NA,NA,NA,NA,NA,NA,22.72363498
TL,NA,NA,NA,NA,NA,NA,NA,NA,NA,NA,NA,NA,NA,NA,NA,21.67878047
TL,NA,NA,NA,NA,NA,NA,NA,NA,NA,NA,NA,NA,NA,NA,NA,21.97842327
TL,NA,NA,NA,NA,NA,NA,NA,NA,NA,NA,NA,NA,NA,NA,NA,22.30439992
TL,NA,NA,NA,NA,NA,NA,NA,NA,NA,NA,NA,NA,NA,NA,NA,20.22902851
TL,NA,NA,NA,NA,NA,NA,NA,NA,NA,NA,NA,NA,NA,NA,NA,21.54565759
TL,NA,NA,NA,NA,NA,NA,NA,NA,NA,NA,NA,NA,NA,NA,NA,20.15975171
TL,NA,NA,NA,NA,NA,NA,NA,NA,NA,NA,NA,NA,NA,NA,NA,21.18324637
TL,NA,NA,NA,NA,NA,NA,NA,NA,NA,NA,NA,NA,NA,NA,NA,20.86931653
TL,NA,NA,NA,NA,NA,NA,NA,NA,NA,NA,NA,NA,NA,NA,NA,21.5825098
TL,NA,NA,NA,NA,NA,NA,NA,NA,NA,NA,NA,NA,NA,NA,NA,22.52214648
TL,NA,NA,NA,NA,NA,NA,NA,NA,NA,NA,NA,NA,NA,NA,NA,19.4004555
TL,NA,NA,NA,NA,NA,NA,NA,NA,NA,NA,NA,NA,NA,NA,NA,22.12887219
TL,NA,NA,NA,NA,NA,NA,NA,NA,NA,NA,NA,NA,NA,NA,NA,20.21417928
TL,NA,NA,NA,NA,NA,NA,NA,NA,NA,NA,NA,NA,NA,NA,NA,22.21860917
TL,NA,NA,NA,NA,NA,NA,NA,NA,NA,NA,NA,NA,NA,NA,NA,22.2075376
TL,NA,NA,NA,NA,NA,NA,NA,NA,NA,NA,NA,NA,NA,NA,NA,21.34321234
TL,NA,NA,NA,NA,NA,NA,NA,NA,NA,NA,NA,NA,NA,NA,NA,21.87603242
TL,NA,NA,NA,NA,NA,NA,NA,NA,NA,NA,NA,NA,NA,NA,NA,23.06749264
TL,NA,NA,NA,NA,NA,NA,NA,NA,NA,NA,NA,NA,NA,NA,NA,24.15956005
TL,NA,NA,NA,NA,NA,NA,NA,NA,NA,NA,NA,NA,NA,NA,NA,22.16852563
TL,NA,NA,NA,NA,NA,NA,NA,NA,NA,NA,NA,NA,NA,NA,NA,21.80144929
TL,NA,NA,NA,NA,NA,NA,NA,NA,NA,NA,NA,NA,NA,NA,NA,22.06736384
TL,NA,NA,NA,NA,NA,NA,NA,NA,NA,NA,NA,NA,NA,NA,NA,22.84252342
TL,NA,NA,NA,NA,NA,NA,NA,NA,NA,NA,NA,NA,NA,NA,NA,21.11809197
TL,NA,NA,NA,NA,NA,NA,NA,NA,NA,NA,NA,NA,NA,NA,NA,20.07057257
TL,NA,NA,NA,NA,NA,NA,NA,NA,NA,NA,NA,NA,NA,NA,NA,20.34566213
TL,NA,NA,NA,NA,NA,NA,NA,NA,NA,NA,NA,NA,NA,NA,NA,21.30144312
TL,NA,NA,NA,NA,NA,NA,NA,NA,NA,NA,NA,NA,NA,NA,NA,22.20262877
TL,NA,NA,NA,NA,NA,NA,NA,NA,NA,NA,NA,NA,NA,NA,NA,21.61736465
TL,NA,NA,NA,NA,NA,NA,NA,NA,NA,NA,NA,NA,NA,NA,NA,22.05799917
TL,NA,NA,NA,NA,NA,NA,NA,NA,NA,NA,NA,NA,NA,NA,NA,22.07813411